-- MySQL dump 10.13  Distrib 5.1.62, for debian-linux-gnu (i486)
--
-- Host: localhost    Database: hortwithmsh
-- ------------------------------------------------------
-- Server version	5.1.62-0ubuntu0.10.04.1

/*!40101 SET @OLD_CHARACTER_SET_CLIENT=@@CHARACTER_SET_CLIENT */;
/*!40101 SET @OLD_CHARACTER_SET_RESULTS=@@CHARACTER_SET_RESULTS */;
/*!40101 SET @OLD_COLLATION_CONNECTION=@@COLLATION_CONNECTION */;
/*!40101 SET NAMES utf8 */;
/*!40103 SET @OLD_TIME_ZONE=@@TIME_ZONE */;
/*!40103 SET TIME_ZONE='+00:00' */;
/*!40014 SET @OLD_UNIQUE_CHECKS=@@UNIQUE_CHECKS, UNIQUE_CHECKS=0 */;
/*!40014 SET @OLD_FOREIGN_KEY_CHECKS=@@FOREIGN_KEY_CHECKS, FOREIGN_KEY_CHECKS=0 */;
/*!40101 SET @OLD_SQL_MODE=@@SQL_MODE, SQL_MODE='NO_AUTO_VALUE_ON_ZERO' */;
/*!40111 SET @OLD_SQL_NOTES=@@SQL_NOTES, SQL_NOTES=0 */;

--
-- Table structure for table `classroom_units`
--

DROP TABLE IF EXISTS `classroom_units`;
/*!40101 SET @saved_cs_client     = @@character_set_client */;
/*!40101 SET character_set_client = utf8 */;
CREATE TABLE `classroom_units` (
  `id` int(11) NOT NULL AUTO_INCREMENT,
  `classroom_id` int(11) DEFAULT NULL,
  `unit_id` int(11) DEFAULT NULL,
  `created_at` datetime NOT NULL,
  `updated_at` datetime NOT NULL,
  PRIMARY KEY (`id`)
) ENGINE=InnoDB AUTO_INCREMENT=45 DEFAULT CHARSET=latin1;
/*!40101 SET character_set_client = @saved_cs_client */;

--
-- Dumping data for table `classroom_units`
--

LOCK TABLES `classroom_units` WRITE;
/*!40000 ALTER TABLE `classroom_units` DISABLE KEYS */;
INSERT INTO `classroom_units` VALUES (2,2,2,'2012-09-11 03:15:55','2012-09-11 03:15:55'),(3,2,3,'2012-09-11 03:16:36','2012-09-11 03:16:36'),(4,2,4,'2012-09-11 03:17:15','2012-09-11 03:17:15'),(6,3,4,'2012-09-12 16:08:24','2012-09-12 16:08:24'),(7,3,5,'2012-09-12 16:08:38','2012-09-12 16:08:38'),(8,4,6,'2012-09-12 16:10:48','2012-09-12 16:10:48'),(9,3,7,'2012-09-14 21:44:52','2012-09-14 21:44:52'),(10,2,8,'2012-09-14 21:45:10','2012-09-14 21:45:10'),(11,2,9,'2012-09-14 21:45:18','2012-09-14 21:45:18'),(13,4,11,'2012-09-14 21:48:51','2012-09-14 21:48:51'),(14,3,12,'2012-09-24 18:01:31','2012-09-24 18:01:31'),(15,6,13,'2012-09-24 18:04:17','2012-09-24 18:04:17'),(16,7,14,'2012-09-24 18:15:32','2012-09-24 18:15:32'),(17,4,15,'2012-10-01 19:13:10','2012-10-01 19:13:10'),(18,4,16,'2012-10-12 19:45:38','2012-10-12 19:45:38'),(19,4,17,'2012-10-17 18:25:56','2012-10-17 18:25:56'),(21,2,19,'2012-11-02 18:31:25','2012-11-02 18:31:25'),(22,4,20,'2012-11-02 18:36:10','2012-11-02 18:36:10'),(23,4,21,'2012-11-02 18:36:33','2012-11-02 18:36:33'),(24,2,22,'2012-11-14 19:49:38','2012-11-14 19:49:38'),(25,2,23,'2012-11-16 17:26:01','2012-11-16 17:26:01'),(26,4,24,'2012-11-16 20:30:41','2012-11-16 20:30:41'),(27,4,25,'2012-11-16 20:31:04','2012-11-16 20:31:04'),(28,4,26,'2012-12-10 23:25:44','2012-12-10 23:25:44'),(29,3,27,'2012-12-19 17:31:36','2012-12-19 17:31:36'),(30,2,28,'2012-12-19 17:32:00','2012-12-19 17:32:00'),(32,4,30,'2013-01-04 00:04:35','2013-01-04 00:04:35'),(33,4,31,'2013-01-04 00:29:04','2013-01-04 00:29:04'),(34,2,32,'2013-01-11 23:01:02','2013-01-11 23:01:02'),(35,4,33,'2013-01-11 23:03:46','2013-01-11 23:03:46'),(36,3,28,'2013-01-11 23:07:44','2013-01-11 23:07:44'),(37,4,34,'2013-01-18 17:28:51','2013-01-18 17:28:51'),(38,5,35,'2013-01-30 22:14:54','2013-01-30 22:14:54'),(39,5,36,'2013-01-30 22:15:17','2013-01-30 22:15:17'),(40,2,37,'2013-02-06 17:38:19','2013-02-06 17:38:19'),(41,5,38,'2013-02-12 22:47:41','2013-02-12 22:47:41'),(42,5,39,'2013-02-12 22:47:58','2013-02-12 22:47:58'),(43,5,40,'2013-02-22 22:31:42','2013-02-22 22:31:42'),(44,5,41,'2013-03-01 20:24:17','2013-03-01 20:24:17');
/*!40000 ALTER TABLE `classroom_units` ENABLE KEYS */;
UNLOCK TABLES;

--
-- Table structure for table `classrooms`
--

DROP TABLE IF EXISTS `classrooms`;
/*!40101 SET @saved_cs_client     = @@character_set_client */;
/*!40101 SET character_set_client = utf8 */;
CREATE TABLE `classrooms` (
  `id` int(11) NOT NULL AUTO_INCREMENT,
  `name` varchar(255) DEFAULT NULL,
  `sort_order` int(11) DEFAULT NULL,
  `created_at` datetime NOT NULL,
  `updated_at` datetime NOT NULL,
  `subject_id` int(11) DEFAULT NULL,
  `description` text,
  `introduction` text,
  `sort` int(11) DEFAULT '0',
  PRIMARY KEY (`id`)
) ENGINE=InnoDB AUTO_INCREMENT=8 DEFAULT CHARSET=latin1;
/*!40101 SET character_set_client = @saved_cs_client */;

--
-- Dumping data for table `classrooms`
--

LOCK TABLES `classrooms` WRITE;
/*!40000 ALTER TABLE `classrooms` DISABLE KEYS */;
INSERT INTO `classrooms` VALUES (2,'Plant Science I',NULL,'2012-09-11 03:13:47','2012-09-25 03:10:00',NULL,'In plant science, students study plant parts and functions, plant growth, development, reproduction, and identification in this hands-on class. Plant health and insect controls, plant selection, plant schedules and controlling environmental factors are discussed and are important parts of the greenhouse laboratory spring production. First semester works involves classroom study with partial time in the greenhouse. Second semester is the application of classroom concepts in the greenhouse laboratory and culminates with the sale of the students\' work. Student Class Fee is $10.','Plant Science is a year long course offered to all ages at Monroe High School and is a Science credit, Occupational credit, or Elective credit.',0),(3,'Plant Science II',NULL,'2012-09-11 03:23:53','2012-09-25 03:10:00',NULL,'This yearlong course is designed to provide hands-on experience in the design, construction, and maintenance of landscapes, the construction and maintenance of plant growing facilities, and the proper and safe use of hand and power horticulture equipment. Students will be actively involved in developing facilities and laboratory areas needed for a complete plant science experience. Outdoor physical participation is required and will require clothing and footwear suitable for work in all types of weather conditions. Because projects may involved working in small groups in several locations, maturity and self-responsibility is critical in this course. Student Class Fee is $10.','Plant Science II is a year long course offered to all ages at Monroe High School and is a Occupational credit or Elective credit.',1),(4,'Career Choices',NULL,'2012-09-11 03:24:09','2012-09-25 03:10:00',NULL,'This is an introductory course for preparation towards the Culminating Challenge graduation requirement. Career Choices will improve student awareness of self and the opportunities for success. it is an activity-centered class that focuses on the connection between individual capabilities, needs, and career choices. It includes instruction in the variety and scope of available employment. Students will leave with an new understanding of the connection between school and the real world of work, and will have completed a plan for the rest of their high school career. Students will have at least three opportunities to practice presentations in front of peers, which is a large part of the requirements for the Culminating Challenge. Students will also be better equipped to select a topic for their Culminating Challenge Project that is meaningful and relevant to their future. Students completing Career Choices with a grade of \"B\" or better may earn college credits available from EvCC. ','Career Choices is a semester long course offered at Monroe High School to freshmen and sophomores for either an Occupational credit or Elective credit.',2),(5,'Floral Design',NULL,'2012-09-11 03:24:14','2012-09-25 03:10:14',NULL,'Floriculture is the study of floral design. This course is beneficial to students of all ages within the high school. Students will develop skills in plant maintenance, the proper use of plants, floral design and construction, floral tools, safety practices, sales, and customer relations. Emphasis is placed on the art of floral design and production of flowers and plants. This course is a great way to learn more about floral and horticulture industries. The greenhouse provides a hands-on lab environment for student projects and experiments, along with the opportunity to manage a retail business. Student Class fee is $20.','Floral Design is a semester course offered to all ages at Monroe High School and is an Art credit, Occupational credit, or Elective credit.',3),(6,'General FFA',NULL,'2012-09-24 18:02:54','2012-09-25 03:10:24',NULL,'Join for:<br/>\r\nLeadership opportunities<br/>\r\nCompetitions<br/>\r\nField Trips<br/>','Co-curricular student organization',4),(7,'Floral Team',NULL,'2012-09-24 18:03:08','2012-09-25 03:09:46',NULL,'<table class=\"calendar-table\">\r\n  <tr>\r\n    <th>DATE</th>\r\n    <th>TIME</th>\r\n    <th>EVENT</th>\r\n    <th>PLACE</th>\r\n  </tr>\r\n  <tr>\r\n    <td colspan=\"4\" class=\"month\">OCTOBER</td>\r\n  </tr>\r\n  <tr>     \r\n    <td>12</td>\r\n    <td>5:00 PM</td>\r\n    <td>Nursery Landscape</td>\r\n    <td>Kennewick</td>\r\n    </tr>\r\n  <tr>\r\n  <tr>\r\n    <td>13</td>\r\n    <td>9:00 AM</td>\r\n    <td>Floriculture</td>\r\n    <td>Chiawana</td>\r\n  </tr>\r\n  <tr>\r\n    <td colspan=\"4\" class=\"month\">NOVEMBER</td>    \r\n  </tr>\r\n  <tr>\r\n    <td>16</td>\r\n    <td>5:00 PM</td>\r\n    <td>Nursery/Landscape</td>\r\n    <td>Hudson\'s Bay, Vancouver</td>\r\n  </tr>\r\n  <tr>\r\n    <td>17</td>\r\n    <td>9:00 AM</td>\r\n    <td>Floral</td>\r\n    <td>Hudson\'s Bay, Vancouver</td>  \r\n  </tr>\r\n  <tr>\r\n    <td colspan=\"4\" class=\"month\">JANUARY</td>      \r\n  </tr>\r\n  <tr>\r\n    <td>18</td>\r\n    <td>5:00 PM</td>\r\n    <td>Nursery Landscape</td>\r\n    <td>Auburn, Mountainview</td>\r\n  </tr>\r\n  <tr>\r\n    <td>19</td>\r\n    <td>9:00 AM</td>\r\n    <td>Floriculture</td>\r\n    <td>Kentwood</td>\r\n  </tr>\r\n  <tr>\r\n    <td colspan=\"4\" class=\"month\">FEBRUARY</td>\r\n  </tr>\r\n  <tr>\r\n    <td>22</td>\r\n    <td>5:00 PM</td>\r\n    <td>Nursery Landscape</td>\r\n    <td>Ritzville</td>\r\n  </tr>\r\n  <tr>\r\n    <td>23</td>\r\n    <td>9:00 AM</td>\r\n    <td>Floriculture</td>\r\n    <td>Community School, Spokane</td>\r\n  </tr>\r\n  <tr>\r\n    <td colspan=\"4\" class=\"month\">MARCH</td>\r\n  </tr>      \r\n  <tr>\r\n    <td>15</td>\r\n    <td>5:00 PM</td>\r\n    <td>Nursery Landscape</td>\r\n    <td>Yelm</td>\r\n  </tr>\r\n  <tr>\r\n    <td>16</td>\r\n    <td>9:00 AM</td>\r\n    <td>Floriculture</td>\r\n    <td>Capitol, Olympia</td>\r\n  </tr>\r\n  <tr>\r\n    <td>16</td>\r\n    <td>3:00 PM</td>\r\n    <td>State Nursery/Landscape CDE</td>\r\n    <td>Spokane Community College\r\n  </tr>\r\n  <tr>\r\n    <td>17</td>\r\n    <td>9:00 AM</td>\r\n    <td>State Floriculture CDE</td>\r\n    <td>Spokane Community College\r\n  </tr>\r\n</table>\r\n\r\n<style type=\"text/css\">\r\n  .calendar-table {\r\n\r\n  }\r\n\r\n  .calendar-table th,\r\n  .calendar-table td {\r\n    text-align: left;\r\n    padding-right: 10px;\r\n  }\r\n\r\n  .calendar-table .month {\r\n    padding-top: 10px;\r\n  }\r\n</style>','Members of FFA have a fabulous opportunity to compete and expand knowledge about floriculture',5);
/*!40000 ALTER TABLE `classrooms` ENABLE KEYS */;
UNLOCK TABLES;

--
-- Table structure for table `materials`
--

DROP TABLE IF EXISTS `materials`;
/*!40101 SET @saved_cs_client     = @@character_set_client */;
/*!40101 SET character_set_client = utf8 */;
CREATE TABLE `materials` (
  `id` int(11) NOT NULL AUTO_INCREMENT,
  `filename` varchar(255) DEFAULT NULL,
  `enabled` tinyint(1) DEFAULT NULL,
  `sort_order` int(11) DEFAULT NULL,
  `created_at` datetime NOT NULL,
  `updated_at` datetime NOT NULL,
  `name` varchar(255) DEFAULT NULL,
  `url` varchar(255) DEFAULT NULL,
  `unit_id` int(11) DEFAULT NULL,
  `sort` int(11) DEFAULT '0',
  PRIMARY KEY (`id`)
) ENGINE=InnoDB AUTO_INCREMENT=202 DEFAULT CHARSET=latin1;
/*!40101 SET character_set_client = @saved_cs_client */;

--
-- Dumping data for table `materials`
--

LOCK TABLES `materials` WRITE;
/*!40000 ALTER TABLE `materials` DISABLE KEYS */;
INSERT INTO `materials` VALUES (1,'47f90d5e-fbbf-11e1-a834-f23c91df6d3f.ppt',NULL,NULL,'2012-09-11 03:17:56','2012-09-11 03:17:56','Introduction Ppt','',NULL,0),(2,'51694624-fbbf-11e1-8e89-f23c91df6d3f.doc',NULL,NULL,'2012-09-11 03:18:12','2012-09-11 03:18:12','Syllabus','',NULL,0),(3,'697757ec-fbbf-11e1-a834-f23c91df6d3f.doc',NULL,NULL,'2012-09-11 03:18:52','2012-09-11 03:18:52','Origins Notes and Worksheet','',NULL,0),(4,'72e58d6c-fbbf-11e1-8e89-f23c91df6d3f.ppt',NULL,NULL,'2012-09-11 03:19:08','2012-09-11 03:19:08','Origins Ppt','',NULL,0),(5,'b47a8d04-fbbf-11e1-8e89-f23c91df6d3f.pdf',NULL,NULL,'2012-09-11 03:20:58','2012-09-11 03:20:58','WA Ag Counties Map','',NULL,0),(6,'d2241c26-fbbf-11e1-a834-f23c91df6d3f.doc',NULL,NULL,'2012-09-11 03:21:48','2012-09-11 03:21:48','WA Ag Worksheet','',NULL,0),(7,'dc0994f0-fbbf-11e1-8e89-f23c91df6d3f.doc',NULL,NULL,'2012-09-11 03:22:04','2012-09-11 03:22:04','WA Ag Poster','',NULL,0),(8,'11d1eb8c-fbc0-11e1-8e89-f23c91df6d3f.doc',NULL,NULL,'2012-09-11 03:23:34','2012-09-11 03:23:34','Plant ID Worksheet','',NULL,0),(9,'42f7adf2-fcf4-11e1-8738-f23c91df6d3f.doc',NULL,NULL,'2012-09-12 16:09:42','2012-09-12 16:09:42','Unit 42','',NULL,0),(10,'5e00fc3e-fcf4-11e1-84f0-f23c91df6d3f.pdf',NULL,NULL,'2012-09-12 16:10:27','2012-09-12 16:10:27','Strawberry Schools Article','',NULL,0),(11,'7eb1a6cc-fcf4-11e1-84f0-f23c91df6d3f.ppt',NULL,NULL,'2012-09-12 16:11:22','2012-09-12 16:11:22','Intro #1','',NULL,0),(12,'914b1f20-fcf4-11e1-8738-f23c91df6d3f.ppt',NULL,NULL,'2012-09-12 16:11:53','2012-09-12 16:11:53','#2 class procedures','',NULL,0),(13,'99193534-fcf4-11e1-84f0-f23c91df6d3f.ppt',NULL,NULL,'2012-09-12 16:12:06','2012-09-12 16:12:06','#3 ppt slide presentation','',NULL,0),(14,'a1142050-fcf4-11e1-84f0-f23c91df6d3f.ppt',NULL,NULL,'2012-09-12 16:12:20','2012-09-12 16:12:20','#4 presentations','',NULL,0),(15,'cd08b66c-fcf4-11e1-84f0-f23c91df6d3f.doc',NULL,NULL,'2012-09-12 16:13:33','2012-09-12 16:13:33','Classification Notes and Worksheet','',NULL,0),(16,'d8171c1a-fcf4-11e1-8738-f23c91df6d3f.ppt',NULL,NULL,'2012-09-12 16:13:52','2012-09-12 16:13:52','Taxonomy Ppt','',NULL,0),(17,'7f98bf76-febb-11e1-8738-f23c91df6d3f.ppt',NULL,NULL,'2012-09-14 22:28:25','2012-09-14 22:28:25','5 Habit 1','',NULL,0),(18,'86dcd952-febb-11e1-8738-f23c91df6d3f.ppt',NULL,NULL,'2012-09-14 22:28:37','2012-09-14 22:28:37','6 Habit 2','',NULL,0),(19,'80ec0ca6-00f6-11e2-84f0-f23c91df6d3f.ppt',NULL,NULL,'2012-09-17 18:35:49','2012-09-17 18:35:49','Plant ID Terminology','',NULL,0),(20,'eabf7b94-01bf-11e2-8848-f23c91df6d3f.ppt',NULL,NULL,'2012-09-18 18:37:36','2012-09-18 18:37:36','Intro to Turf','',NULL,0),(21,'f7115f70-01bf-11e2-bfef-f23c91df6d3f.doc',NULL,NULL,'2012-09-18 18:37:57','2012-09-18 18:37:57','Intro to Turf Notes','',NULL,0),(22,'00601f8a-01c0-11e2-8848-f23c91df6d3f.doc',NULL,NULL,'2012-09-18 18:38:12','2012-09-18 18:38:12','Turf Care Notes','',NULL,0),(23,'059ad2d8-01c0-11e2-bfef-f23c91df6d3f.ppt',NULL,NULL,'2012-09-18 18:38:21','2012-09-18 18:38:21','Turf Care ','',NULL,0),(24,'1b03968c-01d4-11e2-8848-f23c91df6d3f.ppt',NULL,NULL,'2012-09-18 21:02:07','2012-09-18 21:02:07','Intro to 7 Habits','',11,0),(25,'27622394-01d4-11e2-bfef-f23c91df6d3f.ppt',NULL,NULL,'2012-09-18 21:02:27','2012-10-01 19:08:39','Habit 1','',11,1),(26,'2c8007f6-01d4-11e2-8848-f23c91df6d3f.ppt',NULL,NULL,'2012-09-18 21:02:36','2012-10-01 19:08:39','Habit 2','',11,3),(27,'3c7efcb6-01d4-11e2-8848-f23c91df6d3f.ppt',NULL,NULL,'2012-09-18 21:03:03','2012-09-18 21:03:03','Introduction','',6,0),(28,'4cebadba-01d4-11e2-8848-f23c91df6d3f.ppt',NULL,NULL,'2012-09-18 21:03:30','2012-09-18 21:03:30','Class Procedures','',6,0),(29,'5d7f8070-01d4-11e2-8848-f23c91df6d3f.ppt',NULL,NULL,'2012-09-18 21:03:58','2012-09-18 21:03:58','Presentations','',6,0),(30,'5da8f5a4-01d4-11e2-bfef-f23c91df6d3f.ppt',NULL,NULL,'2012-09-18 21:03:59','2012-09-18 21:03:59','Presentations','',NULL,0),(31,'6b0311bc-01d4-11e2-8848-f23c91df6d3f.ppt',NULL,NULL,'2012-09-18 21:04:21','2012-09-18 21:04:21','Presentations2','',6,0),(33,'a3601f82-01d4-11e2-8848-f23c91df6d3f.doc',NULL,NULL,'2012-09-18 21:05:56','2012-09-18 21:05:56','Syllabus Hort I','',NULL,0),(34,'adf54e86-01d4-11e2-8848-f23c91df6d3f.doc',NULL,NULL,'2012-09-18 21:06:13','2012-09-18 21:06:13','plant identification worksheet','',NULL,0),(35,'bf01ad32-01d4-11e2-8848-f23c91df6d3f.doc',NULL,NULL,'2012-09-18 21:06:42','2012-09-18 21:06:42','history and origins notes','',2,0),(36,'c491c692-01d4-11e2-bfef-f23c91df6d3f.ppt',NULL,NULL,'2012-09-18 21:06:51','2012-09-18 21:06:51','history and origins ppt','',2,0),(37,'c4cd683c-01d4-11e2-8848-f23c91df6d3f.ppt',NULL,NULL,'2012-09-18 21:06:52','2012-09-18 21:06:52','history and origins ppt','',NULL,0),(38,'d193d2cc-01d4-11e2-bfef-f23c91df6d3f.doc',NULL,NULL,'2012-09-18 21:07:13','2012-09-18 21:07:13','classification worksheet','',3,0),(39,'ddaed5b6-01d4-11e2-8848-f23c91df6d3f.ppt',NULL,NULL,'2012-09-18 21:07:33','2012-09-18 21:07:33','Intro to Taxonomy','',3,0),(40,'df23aff2-01d4-11e2-bfef-f23c91df6d3f.ppt',NULL,NULL,'2012-09-18 21:07:36','2012-09-18 21:07:36','Intro to Taxonomy','',NULL,0),(41,'f41497e6-01d4-11e2-8848-f23c91df6d3f.pdf',NULL,NULL,'2012-09-18 21:08:11','2012-09-18 21:08:11','Ag Map','',4,0),(42,'1e054186-01d5-11e2-8848-f23c91df6d3f.doc',NULL,NULL,'2012-09-18 21:09:21','2012-09-18 21:09:21','Ag County Poster','',4,0),(43,'24f30a96-01d5-11e2-8848-f23c91df6d3f.doc',NULL,NULL,'2012-09-18 21:09:33','2012-09-18 21:09:33','WA Ag Worksheet','',4,0),(44,'47e8f7c2-01d5-11e2-bfef-f23c91df6d3f.doc',NULL,NULL,'2012-09-18 21:10:32','2013-02-22 22:36:38','Plant ID Worksheet','',8,10),(45,'51f3e254-01d5-11e2-8848-f23c91df6d3f.jpg',NULL,NULL,'2012-09-18 21:10:48','2013-02-22 22:36:38','USDA Zones','',8,13),(46,'58917090-01d5-11e2-bfef-f23c91df6d3f.doc',NULL,NULL,'2012-09-18 21:11:00','2013-02-22 22:36:38','Sunset Gardening Zones','',8,12),(47,'5e410050-01d5-11e2-8848-f23c91df6d3f.doc',NULL,NULL,'2012-09-18 21:11:09','2013-02-22 22:36:38','USDA Planting Zones worksheet','',8,14),(48,'667a3052-01d5-11e2-bfef-f23c91df6d3f.ppt',NULL,NULL,'2012-09-18 21:11:23','2013-02-22 22:36:38','Plant ID Terminology','',8,11),(49,'381cb5d0-01e0-11e2-bfef-f23c91df6d3f.doc',NULL,NULL,'2012-09-18 22:28:50','2012-09-18 22:28:50','Unit 42','',5,0),(50,'48de8b64-01e0-11e2-8848-f23c91df6d3f.doc',NULL,NULL,'2012-09-18 22:29:18','2012-09-18 22:29:18','Intro to Turf Notes','',7,0),(51,'4ef1c7c8-01e0-11e2-bfef-f23c91df6d3f.ppt',NULL,NULL,'2012-09-18 22:29:28','2012-09-18 22:29:28','Intro to Turf ppt','',7,0),(52,'54a1f63e-01e0-11e2-8848-f23c91df6d3f.doc',NULL,NULL,'2012-09-18 22:29:37','2012-09-18 22:29:37','Turf Care Notes','',7,0),(53,'5a856676-01e0-11e2-bfef-f23c91df6d3f.ppt',NULL,NULL,'2012-09-18 22:29:47','2012-09-18 22:29:47','Turf Care ppt','',7,0),(54,'25afb17e-035f-11e2-96ed-f23c91df6d3f.ppt',NULL,NULL,'2012-09-20 20:09:56','2012-10-01 19:08:39','Habit 2 (2nd Day)',NULL,11,4),(55,'669765ce-035f-11e2-acf0-f23c91df6d3f.ppt',NULL,NULL,'2012-09-20 20:11:45','2012-09-20 20:11:45','Habit 3',NULL,NULL,0),(56,'089db918-0360-11e2-acf0-f23c91df6d3f.ppt',NULL,NULL,'2012-09-20 20:16:17','2012-09-20 20:16:17','Habit 3',NULL,NULL,0),(57,'3012e68a-0671-11e2-acf0-f23c91df6d3f.pdf',NULL,NULL,'2012-09-24 17:56:38','2012-10-01 19:08:35','SMART GOAL 1',NULL,11,8),(58,'3710b71e-0671-11e2-96ed-f23c91df6d3f.pdf',NULL,NULL,'2012-09-24 17:56:49','2012-10-01 19:08:35','SMART GOAL 2',NULL,11,9),(59,'931396a8-0671-11e2-acf0-f23c91df6d3f.ppt',NULL,NULL,'2012-09-24 17:59:24','2012-10-01 19:08:39','Habit 3',NULL,11,5),(60,'ac34dd2c-0671-11e2-acf0-f23c91df6d3f.doc',NULL,NULL,'2012-09-24 18:00:06','2012-09-24 18:00:06','Private Life of plants Worksheet 1',NULL,9,0),(61,'bffb2ae6-0671-11e2-96ed-f23c91df6d3f.ppt',NULL,NULL,'2012-09-24 18:00:39','2012-09-24 18:00:39','Intro to Plant Structures',NULL,NULL,0),(62,'c775bc8c-0671-11e2-96ed-f23c91df6d3f.doc',NULL,NULL,'2012-09-24 18:00:52','2012-10-03 15:57:19','Flower Lab',NULL,9,2),(63,'e7da457e-0671-11e2-96ed-f23c91df6d3f.doc',NULL,NULL,'2012-09-24 18:01:46','2012-09-24 18:01:46','Syllabus',NULL,12,0),(64,'f1242848-0671-11e2-acf0-f23c91df6d3f.ppt',NULL,NULL,'2012-09-24 18:02:02','2012-09-24 18:02:02','Intro Ppt',NULL,12,0),(65,'fff4c6d4-0671-11e2-96ed-f23c91df6d3f.doc',NULL,NULL,'2012-09-24 18:02:26','2012-09-24 18:02:26','plant identification worksheet',NULL,12,0),(66,'9d415e70-0672-11e2-acf0-f23c91df6d3f.doc',NULL,NULL,'2012-09-24 18:06:50','2012-09-24 18:06:50','Program Of Activities 2012-2013',NULL,NULL,0),(67,'e6bac6da-0673-11e2-96ed-f23c91df6d3f.xls',NULL,NULL,'2012-09-24 18:16:03','2012-09-24 18:16:03','Floriculture FFA Manual',NULL,14,0),(68,'5bb8300a-0811-11e2-94d6-f23c91df6d3f.ppt',NULL,NULL,'2012-09-26 19:35:42','2012-10-01 19:08:35','Habit 4 and SMART Goals',NULL,11,7),(69,'64a2dd96-0811-11e2-94d6-f23c91df6d3f.ppt',NULL,NULL,'2012-09-26 19:35:57','2012-10-01 19:08:35','Finish Habit 4',NULL,11,10),(70,'7dd8b6ae-08da-11e2-94d6-f23c91df6d3f.ppt',NULL,NULL,'2012-09-27 19:35:28','2012-10-01 19:08:36','Habit 5 ',NULL,11,11),(71,'5ca64880-0be5-11e2-94d6-f23c91df6d3f.JPG',NULL,NULL,'2012-10-01 16:30:50','2013-01-07 17:27:46','Plant ID Week 2',NULL,8,1),(72,'bac37dce-0bf5-11e2-94d6-f23c91df6d3f.ppt',NULL,NULL,'2012-10-01 18:28:00','2012-10-01 18:28:00','Propagation',NULL,NULL,0),(73,'f86dc3b4-0bfa-11e2-bb20-f23c91df6d3f.ppt',NULL,NULL,'2012-10-01 19:05:31','2012-10-01 19:08:36','Finish Habit 5',NULL,11,12),(74,'02e2d744-0bfb-11e2-94d6-f23c91df6d3f.ppt',NULL,NULL,'2012-10-01 19:05:48','2012-10-01 19:08:37','Habit 6 ',NULL,11,13),(75,'0cef82c8-0bfb-11e2-bb20-f23c91df6d3f.ppt',NULL,NULL,'2012-10-01 19:06:05','2012-10-01 19:08:30','Habit 7',NULL,11,16),(76,'21abb5f6-0bfb-11e2-bb20-f23c91df6d3f.doc',NULL,NULL,'2012-10-01 19:06:40','2012-10-01 19:08:39','Habit 1 Worksheet',NULL,11,2),(77,'2cc3b466-0bfb-11e2-bb20-f23c91df6d3f.doc',NULL,NULL,'2012-10-01 19:06:59','2012-10-01 19:08:39','Habit 3 notes',NULL,11,6),(78,'47c8d19c-0bfb-11e2-94d6-f23c91df6d3f.doc',NULL,NULL,'2012-10-01 19:07:44','2012-10-01 19:08:33','Habit 6 fruit style quiz',NULL,11,15),(79,'54357eb2-0bfb-11e2-bb20-f23c91df6d3f.doc',NULL,NULL,'2012-10-01 19:08:05','2012-10-01 19:08:37',' Habit 6 Worksheet',NULL,11,14),(80,'5de96586-0bfb-11e2-94d6-f23c91df6d3f.doc',NULL,NULL,'2012-10-01 19:08:21','2012-10-01 19:08:30',' Habit 7 Worksheet',NULL,11,17),(81,'1388754e-0bfc-11e2-94d6-f23c91df6d3f.doc',NULL,NULL,'2012-10-01 19:13:26','2012-10-01 19:13:26','Career Matchmaking Worksheet',NULL,15,0),(82,'d66dd186-0d72-11e2-94d6-f23c91df6d3f.doc',NULL,NULL,'2012-10-03 15:56:04','2012-10-03 15:57:21','Leaves and Stems Dissection',NULL,9,4),(83,'df01acfa-0d72-11e2-bb20-f23c91df6d3f.doc',NULL,NULL,'2012-10-03 15:56:19','2012-10-03 22:48:06','Roots and Stems Discussion',NULL,9,7),(84,'ecb0a86a-0d72-11e2-94d6-f23c91df6d3f.ppt',NULL,NULL,'2012-10-03 15:56:42','2012-10-03 15:57:26','roots and stems ppt',NULL,NULL,5),(85,'f743741a-0d72-11e2-bb20-f23c91df6d3f.ppt',NULL,NULL,'2012-10-03 15:57:00','2012-10-22 21:52:40','Intro to plant structures (ppt)',NULL,9,1),(86,'00288f20-0d73-11e2-bb20-f23c91df6d3f.ppt',NULL,NULL,'2012-10-03 15:57:14','2012-10-03 15:57:21','Propagation ppt',NULL,9,3),(87,'103e9b2a-0d73-11e2-94d6-f23c91df6d3f.doc',NULL,NULL,'2012-10-03 15:57:41','2012-10-03 22:48:06','Unit 9 seperation and division',NULL,9,8),(88,'19a35368-0d73-11e2-bb20-f23c91df6d3f.doc',NULL,NULL,'2012-10-03 15:57:57','2012-10-03 22:48:06','Plant Structures Study guide',NULL,9,9),(89,'413a8912-0d75-11e2-bb20-f23c91df6d3f.ppt',NULL,NULL,'2012-10-03 16:13:23','2012-10-03 22:48:06','roots and stems ppt',NULL,9,6),(90,'36a41608-0dac-11e2-bb20-f23c91df6d3f.ppt',NULL,NULL,'2012-10-03 22:46:47','2012-10-03 22:46:47','Career vs Job ppt',NULL,15,0),(91,'44193d90-0dac-11e2-bb20-f23c91df6d3f.ppt',NULL,NULL,'2012-10-03 22:47:10','2012-10-03 22:47:10','Onetonline ppt',NULL,15,0),(92,'4b5b74c4-0dac-11e2-94d6-f23c91df6d3f.doc',NULL,NULL,'2012-10-03 22:47:22','2012-10-24 19:24:16','career trees web search handout',NULL,15,0),(93,'6140a3f4-0dac-11e2-bb20-f23c91df6d3f.doc',NULL,NULL,'2012-10-03 22:47:59','2012-10-03 22:48:06','Photosynthesis movie notes',NULL,9,5),(94,'b5da9c56-0e58-11e2-bb20-f23c91df6d3f.doc',NULL,NULL,'2012-10-04 19:21:34','2012-10-24 19:24:25','Career Trees Group Project handout',NULL,15,0),(95,'9b5d777c-0f11-11e2-bb20-f23c91df6d3f.JPG',NULL,NULL,'2012-10-05 17:25:07','2013-01-07 17:27:46','Plant ID Week 1',NULL,8,0),(96,'2e29ed26-148d-11e2-94d6-f23c91df6d3f.JPG',NULL,NULL,'2012-10-12 16:52:17','2013-01-07 17:27:46','Plant ID Week 4',NULL,8,3),(97,'527fdd9e-14a5-11e2-bb20-f23c91df6d3f.ppt',NULL,NULL,'2012-10-12 19:45:06','2012-10-12 19:45:06','Week 5 Journal Entries',NULL,15,0),(98,'e459c852-170b-11e2-94d6-f23c91df6d3f.jpg',NULL,NULL,'2012-10-15 21:04:21','2013-01-07 17:27:46','Plant ID Week 3',NULL,8,2),(99,'8411e41a-1888-11e2-94d6-f23c91df6d3f.doc',NULL,NULL,'2012-10-17 18:28:58','2012-10-17 18:28:58','Chapter 2 Worksheet',NULL,17,0),(100,'8aeb1572-1888-11e2-bb20-f23c91df6d3f.ppt',NULL,NULL,'2012-10-17 18:29:09','2012-11-02 17:26:14','Facebook Career Cluster Template',NULL,17,1),(101,'9119a3be-1888-11e2-bb20-f23c91df6d3f.doc',NULL,NULL,'2012-10-17 18:29:20','2012-11-02 17:26:14','Facebook Page Assignment',NULL,17,2),(102,'1614a6f6-188c-11e2-94d6-f23c91df6d3f.ppt',NULL,NULL,'2012-10-17 18:54:31','2012-10-17 18:54:31','Powerpoint Tips',NULL,16,0),(103,'0b8f92da-1a18-11e2-bb20-f23c91df6d3f.JPG',NULL,NULL,'2012-10-19 18:08:55','2013-01-07 17:27:46','Plant ID Week 5',NULL,8,4),(104,'4a4feaf6-2512-11e2-b2b0-f23c91df6d3f.ppt',NULL,NULL,'2012-11-02 17:25:26','2012-11-02 17:26:14','Week 8 Journal Entries ppt',NULL,17,4),(105,'63eb635a-2512-11e2-b2b0-f23c91df6d3f.ppt',NULL,NULL,'2012-11-02 17:26:09','2012-11-02 17:26:14','Week 7 Journal Entries ppt',NULL,17,3),(106,'aa553272-251b-11e2-b8c8-f23c91df6d3f.doc',NULL,NULL,'2012-11-02 18:32:32','2012-11-02 18:32:32','Fall Color Notes.doc',NULL,19,0),(107,'b1518e2c-251b-11e2-b2b0-f23c91df6d3f.ppt',NULL,NULL,'2012-11-02 18:32:44','2012-11-02 18:32:44','Fall Color ppt',NULL,19,0),(111,'50b5025a-251c-11e2-b2b0-f23c91df6d3f.doc',NULL,NULL,'2012-11-02 18:37:11','2012-11-02 18:37:11','Chapter 3 Worksheet',NULL,20,0),(112,'660378b2-251c-11e2-b2b0-f23c91df6d3f.doc',NULL,NULL,'2012-11-02 18:37:47','2012-11-14 20:02:29','Chapter 4 Worksheet',NULL,21,1),(113,'10d2fd5c-2a9b-11e2-b8c8-f23c91df6d3f.JPG',NULL,NULL,'2012-11-09 18:27:06','2013-01-07 17:27:46','Plant ID Week 6',NULL,8,5),(114,'64452f64-2a9b-11e2-b8c8-f23c91df6d3f.JPG',NULL,NULL,'2012-11-09 18:29:26','2013-01-07 17:27:46','Plant ID Week 7',NULL,8,6),(115,'7c13588a-2e94-11e2-b2b0-f23c91df6d3f.ppt',NULL,NULL,'2012-11-14 19:50:04','2012-11-14 19:51:06','Propagation Terms ppt',NULL,22,2),(116,'833ef858-2e94-11e2-b8c8-f23c91df6d3f.doc',NULL,NULL,'2012-11-14 19:50:16','2012-11-14 19:50:16','Unit 5 Worksheet',NULL,22,0),(117,'8e004b3e-2e94-11e2-b2b0-f23c91df6d3f.ppt',NULL,NULL,'2012-11-14 19:50:34','2012-11-14 19:51:06','Let’s Discuss Unit 5 ppt',NULL,22,1),(118,'96459f9c-2e94-11e2-b8c8-f23c91df6d3f.ppt',NULL,NULL,'2012-11-14 19:50:48','2012-11-14 19:51:42','Important Things to know in GH',NULL,22,4),(119,'b4d0c5e0-2e94-11e2-b8c8-f23c91df6d3f.ppt',NULL,NULL,'2012-11-14 19:51:39','2012-11-14 19:51:42','Greenhouse Etiquette pots ppt',NULL,22,3),(120,'36ae11f2-2e96-11e2-b2b0-f23c91df6d3f.doc',NULL,NULL,'2012-11-14 20:02:27','2012-11-14 20:02:27','Generations Project',NULL,21,0),(121,'44a5759e-2e9a-11e2-b2b0-f23c91df6d3f.pdf',NULL,NULL,'2012-11-14 20:31:28','2012-11-14 20:31:28','Generation Handout',NULL,21,0),(122,'be38dfee-3012-11e2-b8c8-f23c91df6d3f.ppt',NULL,NULL,'2012-11-16 17:26:23','2012-12-11 17:39:30','Holiday Wreaths ppt',NULL,23,1),(123,'f74971b2-3013-11e2-b2b0-f23c91df6d3f.doc',NULL,NULL,'2012-11-16 17:35:08','2012-12-11 17:39:30','Wreath Making Procedure',NULL,23,2),(124,'e65bf622-302c-11e2-b2b0-f23c91df6d3f.doc',NULL,NULL,'2012-11-16 20:33:37','2012-11-16 20:33:37','3 careers 3 schools worksheet',NULL,24,0),(125,'48bd65c6-302d-11e2-b8c8-f23c91df6d3f.ppt',NULL,NULL,'2012-11-16 20:36:22','2012-11-16 20:37:29','Definitions and Intro to 3 Careers and 3 Schools ppt',NULL,24,1),(126,'4fd2d288-302d-11e2-b2b0-f23c91df6d3f.ppt',NULL,NULL,'2012-11-16 20:36:34','2012-11-16 20:37:29','Finish 3 Careers and 3 Schools ppt',NULL,24,2),(127,'5e953b30-302d-11e2-b2b0-f23c91df6d3f.ppt',NULL,NULL,'2012-11-16 20:36:59','2012-11-16 20:37:29','Intro to 4 year plan ppt',NULL,24,4),(128,'643f2ad2-302d-11e2-b8c8-f23c91df6d3f.ppt',NULL,NULL,'2012-11-16 20:37:08','2012-11-16 20:37:29','Finish 4 year plan ppt',NULL,24,5),(129,'6e5de09e-302d-11e2-b2b0-f23c91df6d3f.doc',NULL,NULL,'2012-11-16 20:37:25','2012-11-16 20:37:29','Chapter 5 Worksheet',NULL,24,3),(130,'80edbeaa-302d-11e2-b2b0-f23c91df6d3f.doc',NULL,NULL,'2012-11-16 20:37:56','2012-11-16 20:37:56','Chapter 7 Worksheet',NULL,NULL,0),(131,'9794f12a-3c01-11e2-b2b0-f23c91df6d3f.doc',NULL,NULL,'2012-12-01 21:53:51','2012-12-01 21:53:51','don\'t download!',NULL,NULL,0),(132,'ad038bcc-4320-11e2-b2b0-f23c91df6d3f.ppt',NULL,NULL,'2012-12-10 23:23:59','2012-12-10 23:23:59','Review ppt',NULL,22,0),(133,'ff5d47be-4320-11e2-b2b0-f23c91df6d3f.doc',NULL,NULL,'2012-12-10 23:26:17','2012-12-10 23:26:17','Chapter 8 Worksheet',NULL,26,0),(134,'b5a4e6a6-43b9-11e2-b8c8-f23c91df6d3f.ppt',NULL,NULL,'2012-12-11 17:39:27','2012-12-11 17:39:27','Christmas Cactus ppt',NULL,23,0),(135,'4a43e99a-4a01-11e2-b8c8-f23c91df6d3f.ppt',NULL,NULL,'2012-12-19 17:26:57','2012-12-19 17:27:50','Budget Ppt #1',NULL,25,1),(136,'54d183ea-4a01-11e2-b2b0-f23c91df6d3f.ppt',NULL,NULL,'2012-12-19 17:27:15','2012-12-19 17:27:50','Budget Ppt #2',NULL,25,2),(137,'5fb6196a-4a01-11e2-b8c8-f23c91df6d3f.doc',NULL,NULL,'2012-12-19 17:27:33','2012-12-19 17:27:33','Chapter 7 Worksheet',NULL,25,0),(138,'d97c0002-4a01-11e2-b2b0-f23c91df6d3f.ppt',NULL,NULL,'2012-12-19 17:30:57','2012-12-19 17:30:57','Mistletoe ppt',NULL,23,0),(139,'e30d93f6-4a01-11e2-b8c8-f23c91df6d3f.ppt',NULL,NULL,'2012-12-19 17:31:13','2012-12-19 17:31:13','Growing Poinsettias ppt',NULL,23,0),(140,'6b06a2e6-5602-11e2-b8c8-f23c91df6d3f.doc',NULL,NULL,'2013-01-04 00:05:16','2013-01-04 00:05:16','Chapter 9 Worksheet',NULL,NULL,0),(141,'7c0718e6-5602-11e2-b8c8-f23c91df6d3f.ppt',NULL,NULL,'2013-01-04 00:05:44','2013-01-04 00:07:41','Chapter 9 intro ppt',NULL,30,1),(142,'c09270fa-5602-11e2-b8c8-f23c91df6d3f.doc',NULL,NULL,'2013-01-04 00:07:39','2013-01-04 00:07:39','Chapter 9 Worksheet',NULL,NULL,0),(143,'ac6a8c2c-5605-11e2-b8c8-f23c91df6d3f.doc',NULL,NULL,'2013-01-04 00:28:34','2013-01-04 00:28:34','Chapter 9 Worksheet',NULL,30,0),(144,'c8b2ffb8-5605-11e2-b8c8-f23c91df6d3f.doc',NULL,NULL,'2013-01-04 00:29:21','2013-01-04 00:43:02','Chapter 10 Interview Handout',NULL,31,1),(145,'b091118e-5607-11e2-b2b0-f23c91df6d3f.doc',NULL,NULL,'2013-01-04 00:43:00','2013-01-04 00:43:00','Chapter 10 Worksheet',NULL,31,0),(146,'764def52-58ef-11e2-b8c8-f23c91df6d3f.JPG',NULL,NULL,'2013-01-07 17:27:08','2013-01-07 17:27:46','Plant ID Week 9',NULL,8,8),(147,'88d86a08-58ef-11e2-b2b0-f23c91df6d3f.JPG',NULL,NULL,'2013-01-07 17:27:39','2013-01-07 17:27:46','Plant ID Week 8',NULL,8,7),(148,'734789ca-5c42-11e2-b2b0-f23c91df6d3f.ppt',NULL,NULL,'2013-01-11 22:58:44','2013-02-22 22:47:11','Intro to Hydroponics ppt',NULL,28,1),(149,'79754bc0-5c42-11e2-b8c8-f23c91df6d3f.doc',NULL,NULL,'2013-01-11 22:58:54','2013-02-22 22:47:11','Intro to Hydroponics notes',NULL,28,2),(150,'7eb78166-5c42-11e2-b2b0-f23c91df6d3f.doc',NULL,NULL,'2013-01-11 22:59:03','2013-02-22 22:47:11','Intro to Hydroponics Crossword',NULL,28,3),(151,'8726d8f6-5c42-11e2-b8c8-f23c91df6d3f.ppt',NULL,NULL,'2013-01-11 22:59:18','2013-02-22 22:51:07','Passive Systems ppt',NULL,28,6),(152,'8c625afc-5c42-11e2-b8c8-f23c91df6d3f.doc',NULL,NULL,'2013-01-11 22:59:26','2013-02-22 22:51:07','Passive Systems worksheet',NULL,28,7),(153,'96e7a176-5c42-11e2-b2b0-f23c91df6d3f.ppt',NULL,NULL,'2013-01-11 22:59:44','2013-02-22 22:47:14','History and Future of Hydroponics ppt',NULL,28,4),(154,'9e4e868c-5c42-11e2-b2b0-f23c91df6d3f.doc',NULL,NULL,'2013-01-11 22:59:56','2013-02-22 22:47:16','History and Future of Hydroponics notes',NULL,28,5),(155,'accdd442-5c42-11e2-b8c8-f23c91df6d3f.doc',NULL,NULL,'2013-01-11 23:00:21','2013-02-22 22:51:07','6 Systems Worksheet Instructions',NULL,28,8),(156,'d45a29ac-5c42-11e2-b2b0-f23c91df6d3f.ppt',NULL,NULL,'2013-01-11 23:01:27','2013-01-11 23:01:27','Bedding Plant Production ppt',NULL,32,0),(157,'d995b7f6-5c42-11e2-b2b0-f23c91df6d3f.see',NULL,NULL,'2013-01-11 23:01:36','2013-01-11 23:01:36','Bedding Plant Production Worksheet',NULL,32,0),(158,'09aae128-5c43-11e2-b8c8-f23c91df6d3f.see',NULL,NULL,'2013-01-11 23:02:56','2013-01-11 23:02:56','Bedding Plant Production Crossword',NULL,32,0),(159,'137ec728-5c43-11e2-b8c8-f23c91df6d3f.doc',NULL,NULL,'2013-01-11 23:03:13','2013-01-11 23:03:13','Seed Catalog Search Assignment',NULL,32,0),(160,'38b822a0-5c43-11e2-b2b0-f23c91df6d3f.ppt',NULL,NULL,'2013-01-11 23:04:15','2013-01-11 23:04:15','Intro to Resumes',NULL,33,0),(161,'70d62a42-5c43-11e2-b8c8-f23c91df6d3f.doc',NULL,NULL,'2013-01-11 23:05:50','2013-01-11 23:05:50','Resume guided notes ',NULL,33,0),(162,'9833e95c-6194-11e2-b8c8-f23c91df6d3f.doc',NULL,NULL,'2013-01-18 17:29:21','2013-01-18 17:29:21','Final Project Handout',NULL,34,0),(163,'9b585c7c-6b2a-11e2-b8c8-f23c91df6d3f.doc',NULL,NULL,'2013-01-30 22:15:51','2013-01-30 22:15:51','Syllabus',NULL,35,0),(164,'a32f8b00-6b2a-11e2-b2b0-f23c91df6d3f.doc',NULL,NULL,'2013-01-30 22:16:04','2013-01-30 22:16:04','Scavenger Hunt',NULL,35,0),(165,'a49f3580-6b2a-11e2-b2b0-f23c91df6d3f.doc',NULL,NULL,'2013-01-30 22:16:06','2013-01-30 22:16:06','Scavenger Hunt',NULL,NULL,0),(166,'b9c96b38-6b2a-11e2-b2b0-f23c91df6d3f.doc',NULL,NULL,'2013-01-30 22:16:42','2013-02-06 17:40:57','Floral Design History Notes',NULL,36,1),(167,'c194e892-6b2a-11e2-b8c8-f23c91df6d3f.ppt',NULL,NULL,'2013-01-30 22:16:55','2013-01-30 22:16:55','Floral Design History ppt',NULL,NULL,0),(168,'1b01ecf0-7084-11e2-b2b0-f23c91df6d3f.ppt',NULL,NULL,'2013-02-06 17:39:06','2013-02-06 17:39:06','Inside the Cell ppt',NULL,37,0),(169,'23a1b02a-7084-11e2-b8c8-f23c91df6d3f.ppt',NULL,NULL,'2013-02-06 17:39:21','2013-02-06 17:39:21','Inside the Cell Notes',NULL,37,0),(170,'2d080dda-7084-11e2-b8c8-f23c91df6d3f.doc',NULL,NULL,'2013-02-06 17:39:36','2013-02-06 17:39:36','Cell Diagrams',NULL,37,0),(171,'33d7dd2a-7084-11e2-b2b0-f23c91df6d3f.doc',NULL,NULL,'2013-02-06 17:39:48','2013-02-06 17:39:48','Cells Alive Worksheet',NULL,37,0),(172,'4a572358-7084-11e2-b2b0-f23c91df6d3f.ppt',NULL,NULL,'2013-02-06 17:40:26','2013-02-06 17:40:26','History of Floral Design ppt',NULL,36,0),(173,'5c28b006-7084-11e2-b2b0-f23c91df6d3f.doc',NULL,NULL,'2013-02-06 17:40:55','2013-02-06 17:40:57','History Poster Project',NULL,36,2),(174,'4ec8f4fc-7566-11e2-b2b0-f23c91df6d3f.ppt',NULL,NULL,'2013-02-12 22:48:24','2013-02-12 22:48:24','Floral Wiring Ppt',NULL,38,0),(175,'56bfd644-7566-11e2-b8c8-f23c91df6d3f.doc',NULL,NULL,'2013-02-12 22:48:37','2013-02-12 22:48:37','Floral Wiring Notes',NULL,38,0),(176,'9a6d9544-7d3f-11e2-8c83-f23c91df6d3f.doc',NULL,NULL,'2013-02-22 22:31:30','2013-02-22 22:31:30','Intro to Botany handout',NULL,39,0),(177,'af3f942c-7d3f-11e2-9c3d-f23c91df6d3f.ppt',NULL,NULL,'2013-02-22 22:32:05','2013-02-22 22:33:10','Psychological Color Effects ppt',NULL,40,1),(178,'b45c1e9e-7d3f-11e2-8c83-f23c91df6d3f.doc',NULL,NULL,'2013-02-22 22:32:13','2013-02-22 22:33:10','Color Emotions notes and worksheet',NULL,40,2),(179,'bc637cc2-7d3f-11e2-9c3d-f23c91df6d3f.ppt',NULL,NULL,'2013-02-22 22:32:27','2013-02-22 22:33:10','COLOR Wheel ppt',NULL,40,3),(180,'c29edfaa-7d3f-11e2-8c83-f23c91df6d3f.doc',NULL,NULL,'2013-02-22 22:32:37','2013-02-22 22:33:10','Principles of Design Color Notes',NULL,40,4),(181,'cd9ed7e8-7d3f-11e2-9c3d-f23c91df6d3f.doc',NULL,NULL,'2013-02-22 22:32:56','2013-02-22 22:32:56','Introduction to Color handout',NULL,40,0),(182,'d52a41a0-7d3f-11e2-9c3d-f23c91df6d3f.doc',NULL,NULL,'2013-02-22 22:33:08','2013-02-22 22:33:10','Edible Color Wheel Lab Handout',NULL,40,5),(183,'505a7fd4-7d40-11e2-8c83-f23c91df6d3f.JPG',NULL,NULL,'2013-02-22 22:36:35','2013-02-22 22:36:38','Plant ID Week 11',NULL,8,9),(184,'bd8ad90e-7d41-11e2-9c3d-f23c91df6d3f.doc',NULL,NULL,'2013-02-22 22:46:48','2013-02-22 22:46:48','Pre-Assessment Survey',NULL,NULL,0),(185,'c7ffc016-7d41-11e2-9c3d-f23c91df6d3f.ppt',NULL,NULL,'2013-02-22 22:47:05','2013-02-22 22:48:28','Hydroponic Nutrients ppt',NULL,28,9),(186,'e85a6ee2-7d41-11e2-9c3d-f23c91df6d3f.doc',NULL,NULL,'2013-02-22 22:47:59','2013-02-22 22:48:28','Hydroponic Nutrients Notes',NULL,28,10),(187,'f23a4176-7d41-11e2-9c3d-f23c91df6d3f.ppt',NULL,NULL,'2013-02-22 22:48:16','2013-02-22 22:50:55','Hydroponic Media ppt',NULL,28,15),(188,'ff3722d6-7d41-11e2-9c3d-f23c91df6d3f.doc',NULL,NULL,'2013-02-22 22:48:38','2013-02-22 22:50:55','Hydroponic Media Notes',NULL,28,16),(189,'08170fd8-7d42-11e2-8c83-f23c91df6d3f.ppt',NULL,NULL,'2013-02-22 22:48:53','2013-02-22 22:49:02','Water Culture Hydroponics Systems ppt',NULL,28,11),(190,'1630c474-7d42-11e2-9c3d-f23c91df6d3f.doc',NULL,NULL,'2013-02-22 22:49:16','2013-02-22 22:50:21','Water Culture Hydroponics Systems Notes',NULL,28,12),(191,'377ed2d8-7d42-11e2-9c3d-f23c91df6d3f.doc',NULL,NULL,'2013-02-22 22:50:12','2013-02-22 22:50:12','Water Culture Hydroponics Systems Notes',NULL,NULL,0),(192,'45cb8f02-7d42-11e2-8c83-f23c91df6d3f.ppt',NULL,NULL,'2013-02-22 22:50:36','2013-02-22 22:50:40','Aggregate Culture Hydroponic Systems ppt',NULL,28,13),(193,'4f6552dc-7d42-11e2-9c3d-f23c91df6d3f.doc',NULL,NULL,'2013-02-22 22:50:52','2013-02-22 22:50:55','Aggregate Culture Hydroponic Systems Notes',NULL,28,14),(194,'d77ad122-7f79-11e2-8c83-f23c91df6d3f.doc',NULL,NULL,'2013-02-25 18:33:25','2013-02-25 18:33:25','Pre-Assessment Survey',NULL,28,0),(195,NULL,NULL,NULL,'2013-02-26 02:15:02','2013-02-26 02:15:02','test link','hortwithmsh.com',NULL,0),(196,'444d2ce8-82b1-11e2-bce7-f23c91df6d3f.doc',NULL,NULL,'2013-03-01 20:47:44','2013-03-06 21:48:31','Principles of Design notes',NULL,41,1),(197,'69056a28-82b1-11e2-ac68-f23c91df6d3f.pdf',NULL,NULL,'2013-03-01 20:48:45','2013-03-06 21:48:31','Crossword Puzzle',NULL,41,2),(198,'74be3a48-82b1-11e2-bce7-f23c91df6d3f.doc',NULL,NULL,'2013-03-01 20:49:05','2013-03-06 21:48:31','Principles of Design Internet Search',NULL,41,3),(199,'1823731c-86a2-11e2-b6dd-f23c91df6d3f.jpe',NULL,NULL,'2013-03-06 21:09:12','2013-03-06 21:09:12','Principles of Design',NULL,NULL,0),(200,'eec39898-86a2-11e2-b6dd-f23c91df6d3f.ppt',NULL,NULL,'2013-03-06 21:15:12','2013-03-06 21:16:06','Principles of Design ppt',NULL,41,0),(201,'8ed492f2-86a7-11e2-b487-f23c91df6d3f.ppt',NULL,NULL,'2013-03-06 21:48:19','2013-03-06 21:48:19','Principles of Design ppt',NULL,NULL,0);
/*!40000 ALTER TABLE `materials` ENABLE KEYS */;
UNLOCK TABLES;

--
-- Table structure for table `mobile_plant_data`
--

DROP TABLE IF EXISTS `mobile_plant_data`;
/*!40101 SET @saved_cs_client     = @@character_set_client */;
/*!40101 SET character_set_client = utf8 */;
CREATE TABLE `mobile_plant_data` (
  `id` int(11) NOT NULL AUTO_INCREMENT,
  `plant_id` int(11) DEFAULT NULL,
  `data` text,
  `created_at` datetime NOT NULL,
  `updated_at` datetime NOT NULL,
  PRIMARY KEY (`id`)
) ENGINE=InnoDB AUTO_INCREMENT=8 DEFAULT CHARSET=latin1;
/*!40101 SET character_set_client = @saved_cs_client */;

--
-- Dumping data for table `mobile_plant_data`
--

LOCK TABLES `mobile_plant_data` WRITE;
/*!40000 ALTER TABLE `mobile_plant_data` DISABLE KEYS */;
INSERT INTO `mobile_plant_data` VALUES (1,0,'---\nstudent-name: erik\ncontroller: mobile\naction: post_plant_data\n','2013-03-01 07:28:08','2013-03-01 07:28:08'),(2,12,'---\nstudent-name: erik\ngreenhouse-temperature: \'1\'\noutside-temperature: \'1\'\nlight-itensity: \'1\'\nrelative-humidity: \'1\'\nair-circulation-present: \'No\'\nplant-id: \'12\'\nnutrient-solution-temperature: \'1\'\ngrowing-media-quality: \'1\'\nheight: \'1\'\nleaves-count: \'1\'\nleaves-size: \'1\'\nleaf-color: \'1\'\nflower-count: \'\'\nspent-flower-count: \'\'\nflower-color: \'\'\nimmature-fruit-count: \'\'\nimmature-fruit-color: \'\'\nmature-fruit-count: \'\'\nmature-fruit-color: \'\'\nfruit-diameter: \'\'\nobservations: \'\'\nflowers-or-buds: \'No\'\nfruits: \'No\'\nplant-loss: \'No\'\ncontroller: mobile\naction: post_plant_data\n','2013-03-01 07:28:28','2013-03-01 07:28:28'),(3,0,'---\nstudent-name: ! \'Test \'\ncontroller: mobile\naction: post_plant_data\n','2013-03-01 15:59:03','2013-03-01 15:59:03'),(4,0,'---\nstudent-name: Alison\ncontroller: mobile\naction: post_plant_data\n','2013-03-01 16:55:22','2013-03-01 16:55:22'),(5,0,'---\nstudent-name: Erik\ncontroller: mobile\naction: post_plant_data\n','2013-03-01 18:45:07','2013-03-01 18:45:07'),(6,12,'---\nstudent-name: Erik\ngreenhouse-temperature: \'72\'\noutside-temperature: \'54\'\nlight-itensity: \'3\'\nrelative-humidity: \'87\'\nair-circulation-present: \'No\'\nplant-id: \'12\'\nnutrient-solution-temperature: \'67\'\ngrowing-media-quality: Brown\nheight: \'120\'\nleaves-count: \'4\'\nleaves-size: \'78\'\nleaf-color: Green\nflower-count: \'\'\nspent-flower-count: \'\'\nflower-color: \'\'\nimmature-fruit-count: \'\'\nimmature-fruit-color: \'\'\nmature-fruit-count: \'\'\nmature-fruit-color: \'\'\nfruit-diameter: \'\'\nobservations: Nothing to note.\nflowers-or-buds: \'No\'\nfruits: \'No\'\nplant-loss: \'Yes\'\ncontroller: mobile\naction: post_plant_data\n','2013-03-01 18:46:25','2013-03-01 18:46:25'),(7,0,'---\nstudent-name: erik\ncontroller: mobile\naction: post_plant_data\n','2013-03-01 18:49:02','2013-03-01 18:49:02');
/*!40000 ALTER TABLE `mobile_plant_data` ENABLE KEYS */;
UNLOCK TABLES;

--
-- Table structure for table `mobile_plants`
--

DROP TABLE IF EXISTS `mobile_plants`;
/*!40101 SET @saved_cs_client     = @@character_set_client */;
/*!40101 SET character_set_client = utf8 */;
CREATE TABLE `mobile_plants` (
  `id` int(11) NOT NULL AUTO_INCREMENT,
  `plant_id` int(11) DEFAULT NULL,
  `common_name` varchar(255) DEFAULT NULL,
  `botanical_name` varchar(255) DEFAULT NULL,
  `information` text,
  `facts` text,
  `usda_nutrition` text,
  `created_at` datetime NOT NULL,
  `updated_at` datetime NOT NULL,
  PRIMARY KEY (`id`)
) ENGINE=InnoDB AUTO_INCREMENT=101 DEFAULT CHARSET=latin1;
/*!40101 SET character_set_client = @saved_cs_client */;

--
-- Dumping data for table `mobile_plants`
--

LOCK TABLES `mobile_plants` WRITE;
/*!40000 ALTER TABLE `mobile_plants` DISABLE KEYS */;
INSERT INTO `mobile_plants` VALUES (1,1,'Red Russian Kale','Brassica oleracea','Red Russian Kale has a soft pink stem and green leaf. It has a mild balanced flavor that rounds out more spicy mixes. It has a very diverse use including salads, soup, sautés and braised. Kale is able to be frozen for later use and this is said to sweeten the flavor.','Red Russian Kale can easily resist frost. Red Russian Kale made it’s first debut in the New World in Canada before making it’s way to the US via Russian traders. Kale is in the same family as cauliflower, broccoli and Brussels sprouts.','One cup of kale contains 36 calories, 5 grams of fiber, and 15% of the daily requirement of calcium and vitamin B6 (pyridoxine), 40% of magnesium, 180% of vitamin A, 200% of vitamin C, and 1,020% of vitamin K. It is also a good source of minerals copper, potassium, iron, manganese, and phosphorus.','2013-03-01 07:27:41','2013-03-01 07:27:41'),(2,2,'Red Russian Kale','Brassica oleracea','Red Russian Kale has a soft pink stem and green leaf. It has a mild balanced flavor that rounds out more spicy mixes. It has a very diverse use including salads, soup, sautés and braised. Kale is able to be frozen for later use and this is said to sweeten the flavor.','Red Russian Kale can easily resist frost. Red Russian Kale made it’s first debut in the New World in Canada before making it’s way to the US via Russian traders. Kale is in the same family as cauliflower, broccoli and Brussels sprouts.','One cup of kale contains 36 calories, 5 grams of fiber, and 15% of the daily requirement of calcium and vitamin B6 (pyridoxine), 40% of magnesium, 180% of vitamin A, 200% of vitamin C, and 1,020% of vitamin K. It is also a good source of minerals copper, potassium, iron, manganese, and phosphorus.','2013-03-01 07:27:41','2013-03-01 07:27:41'),(3,3,'Red Russian Kale','Brassica oleracea','Red Russian Kale has a soft pink stem and green leaf. It has a mild balanced flavor that rounds out more spicy mixes. It has a very diverse use including salads, soup, sautés and braised. Kale is able to be frozen for later use and this is said to sweeten the flavor.','Red Russian Kale can easily resist frost. Red Russian Kale made it’s first debut in the New World in Canada before making it’s way to the US via Russian traders. Kale is in the same family as cauliflower, broccoli and Brussels sprouts.','One cup of kale contains 36 calories, 5 grams of fiber, and 15% of the daily requirement of calcium and vitamin B6 (pyridoxine), 40% of magnesium, 180% of vitamin A, 200% of vitamin C, and 1,020% of vitamin K. It is also a good source of minerals copper, potassium, iron, manganese, and phosphorus.','2013-03-01 07:27:41','2013-03-01 07:27:41'),(4,4,'Red Russian Kale','Brassica oleracea','Red Russian Kale has a soft pink stem and green leaf. It has a mild balanced flavor that rounds out more spicy mixes. It has a very diverse use including salads, soup, sautés and braised. Kale is able to be frozen for later use and this is said to sweeten the flavor.','Red Russian Kale can easily resist frost. Red Russian Kale made it’s first debut in the New World in Canada before making it’s way to the US via Russian traders. Kale is in the same family as cauliflower, broccoli and Brussels sprouts.','One cup of kale contains 36 calories, 5 grams of fiber, and 15% of the daily requirement of calcium and vitamin B6 (pyridoxine), 40% of magnesium, 180% of vitamin A, 200% of vitamin C, and 1,020% of vitamin K. It is also a good source of minerals copper, potassium, iron, manganese, and phosphorus.','2013-03-01 07:27:41','2013-03-01 07:27:41'),(5,5,'Red Russian Kale','Brassica oleracea','Red Russian Kale has a soft pink stem and green leaf. It has a mild balanced flavor that rounds out more spicy mixes. It has a very diverse use including salads, soup, sautés and braised. Kale is able to be frozen for later use and this is said to sweeten the flavor.','Red Russian Kale can easily resist frost. Red Russian Kale made it’s first debut in the New World in Canada before making it’s way to the US via Russian traders. Kale is in the same family as cauliflower, broccoli and Brussels sprouts.','One cup of kale contains 36 calories, 5 grams of fiber, and 15% of the daily requirement of calcium and vitamin B6 (pyridoxine), 40% of magnesium, 180% of vitamin A, 200% of vitamin C, and 1,020% of vitamin K. It is also a good source of minerals copper, potassium, iron, manganese, and phosphorus.','2013-03-01 07:27:41','2013-03-01 07:27:41'),(6,6,'Red Russian Kale','Brassica oleracea','Red Russian Kale has a soft pink stem and green leaf. It has a mild balanced flavor that rounds out more spicy mixes. It has a very diverse use including salads, soup, sautés and braised. Kale is able to be frozen for later use and this is said to sweeten the flavor.','Red Russian Kale can easily resist frost. Red Russian Kale made it’s first debut in the New World in Canada before making it’s way to the US via Russian traders. Kale is in the same family as cauliflower, broccoli and Brussels sprouts.','One cup of kale contains 36 calories, 5 grams of fiber, and 15% of the daily requirement of calcium and vitamin B6 (pyridoxine), 40% of magnesium, 180% of vitamin A, 200% of vitamin C, and 1,020% of vitamin K. It is also a good source of minerals copper, potassium, iron, manganese, and phosphorus.','2013-03-01 07:27:41','2013-03-01 07:27:41'),(7,7,'Red Russian Kale','Brassica oleracea','Red Russian Kale has a soft pink stem and green leaf. It has a mild balanced flavor that rounds out more spicy mixes. It has a very diverse use including salads, soup, sautés and braised. Kale is able to be frozen for later use and this is said to sweeten the flavor.','Red Russian Kale can easily resist frost. Red Russian Kale made it’s first debut in the New World in Canada before making it’s way to the US via Russian traders. Kale is in the same family as cauliflower, broccoli and Brussels sprouts.','One cup of kale contains 36 calories, 5 grams of fiber, and 15% of the daily requirement of calcium and vitamin B6 (pyridoxine), 40% of magnesium, 180% of vitamin A, 200% of vitamin C, and 1,020% of vitamin K. It is also a good source of minerals copper, potassium, iron, manganese, and phosphorus.','2013-03-01 07:27:41','2013-03-01 07:27:41'),(8,8,'Red Russian Kale','Brassica oleracea','Red Russian Kale has a soft pink stem and green leaf. It has a mild balanced flavor that rounds out more spicy mixes. It has a very diverse use including salads, soup, sautés and braised. Kale is able to be frozen for later use and this is said to sweeten the flavor.','Red Russian Kale can easily resist frost. Red Russian Kale made it’s first debut in the New World in Canada before making it’s way to the US via Russian traders. Kale is in the same family as cauliflower, broccoli and Brussels sprouts.','One cup of kale contains 36 calories, 5 grams of fiber, and 15% of the daily requirement of calcium and vitamin B6 (pyridoxine), 40% of magnesium, 180% of vitamin A, 200% of vitamin C, and 1,020% of vitamin K. It is also a good source of minerals copper, potassium, iron, manganese, and phosphorus.','2013-03-01 07:27:41','2013-03-01 07:27:41'),(9,9,'Red Russian Kale','Brassica oleracea','Red Russian Kale has a soft pink stem and green leaf. It has a mild balanced flavor that rounds out more spicy mixes. It has a very diverse use including salads, soup, sautés and braised. Kale is able to be frozen for later use and this is said to sweeten the flavor.','Red Russian Kale can easily resist frost. Red Russian Kale made it’s first debut in the New World in Canada before making it’s way to the US via Russian traders. Kale is in the same family as cauliflower, broccoli and Brussels sprouts.','One cup of kale contains 36 calories, 5 grams of fiber, and 15% of the daily requirement of calcium and vitamin B6 (pyridoxine), 40% of magnesium, 180% of vitamin A, 200% of vitamin C, and 1,020% of vitamin K. It is also a good source of minerals copper, potassium, iron, manganese, and phosphorus.','2013-03-01 07:27:41','2013-03-01 07:27:41'),(10,10,'Russian Red Kale','Brassica oleracea','Red Russian Kale has a soft pink stem and green leaf. It has a mild balanced flavor that rounds out more spicy mixes. It has a very diverse use including salads, soup, sautés and braised. Kale is able to be frozen for later use and this is said to sweeten the flavor.','Red Russian Kale can easily resist frost. Red Russian Kale made it’s first debut in the New World in Canada before making it’s way to the US via Russian traders. Kale is in the same family as cauliflower, broccoli and Brussels sprouts.','One cup of kale contains 36 calories, 5 grams of fiber, and 15% of the daily requirement of calcium and vitamin B6 (pyridoxine), 40% of magnesium, 180% of vitamin A, 200% of vitamin C, and 1,020% of vitamin K. It is also a good source of minerals copper, potassium, iron, manganese, and phosphorus.','2013-03-01 07:27:41','2013-03-01 07:27:41'),(11,11,'Smooth Leaf Kale','Brassica oleracea','This smooth leaf kale is hardy and nutritious. Ideal for early or late plantings. Its dark green leaves are thick and slightly scalloped along the edges.Approximately 65 days to maturity. ','Kale grows and tastes best when planted in a sunny location in a moderately moist rich soil during cooler weather. Harvest outer leaves as plant becomes well established, pick younger leaves for fresh use. Harvest latecrops during fall and winter months. A rich source of vitamins and minerals.','One cup of kale contains 36 calories, 5 grams of fiber, and 15% of the daily requirement of calcium and vitamin B6 (pyridoxine), 40% of magnesium, 180% of vitamin A, 200% of vitamin C, and 1,020% of vitamin K. It is also a good source of minerals copper, potassium, iron, manganese, and phosphorus.','2013-03-01 07:27:41','2013-03-01 07:27:41'),(12,12,'Smooth Leaf Kale','Brassica oleracea','This smooth leaf kale is hardy and nutritious. Ideal for early or late plantings. Its dark green leaves are thick and slightly scalloped along the edges.Approximately 65 days to maturity. ','Kale grows and tastes best when planted in a sunny location in a moderately moist rich soil during cooler weather. Harvest outer leaves as plant becomes well established, pick younger leaves for fresh use. Harvest latecrops during fall and winter months. A rich source of vitamins and minerals.','One cup of kale contains 36 calories, 5 grams of fiber, and 15% of the daily requirement of calcium and vitamin B6 (pyridoxine), 40% of magnesium, 180% of vitamin A, 200% of vitamin C, and 1,020% of vitamin K. It is also a good source of minerals copper, potassium, iron, manganese, and phosphorus.','2013-03-01 07:27:41','2013-03-01 07:27:41'),(13,13,'Smooth Leaf Kale','Brassica oleracea','This smooth leaf kale is hardy and nutritious. Ideal for early or late plantings. Its dark green leaves are thick and slightly scalloped along the edges.Approximately 65 days to maturity. ','Kale grows and tastes best when planted in a sunny location in a moderately moist rich soil during cooler weather. Harvest outer leaves as plant becomes well established, pick younger leaves for fresh use. Harvest latecrops during fall and winter months. A rich source of vitamins and minerals.','One cup of kale contains 36 calories, 5 grams of fiber, and 15% of the daily requirement of calcium and vitamin B6 (pyridoxine), 40% of magnesium, 180% of vitamin A, 200% of vitamin C, and 1,020% of vitamin K. It is also a good source of minerals copper, potassium, iron, manganese, and phosphorus.','2013-03-01 07:27:41','2013-03-01 07:27:41'),(14,14,'Smooth Leaf Kale','Brassica oleracea','This smooth leaf kale is hardy and nutritious. Ideal for early or late plantings. Its dark green leaves are thick and slightly scalloped along the edges.Approximately 65 days to maturity. ','Kale grows and tastes best when planted in a sunny location in a moderately moist rich soil during cooler weather. Harvest outer leaves as plant becomes well established, pick younger leaves for fresh use. Harvest latecrops during fall and winter months. A rich source of vitamins and minerals.','One cup of kale contains 36 calories, 5 grams of fiber, and 15% of the daily requirement of calcium and vitamin B6 (pyridoxine), 40% of magnesium, 180% of vitamin A, 200% of vitamin C, and 1,020% of vitamin K. It is also a good source of minerals copper, potassium, iron, manganese, and phosphorus.','2013-03-01 07:27:41','2013-03-01 07:27:41'),(15,15,'Smooth Leaf Kale','Brassica oleracea','This smooth leaf kale is hardy and nutritious. Ideal for early or late plantings. Its dark green leaves are thick and slightly scalloped along the edges.Approximately 65 days to maturity. ','Kale grows and tastes best when planted in a sunny location in a moderately moist rich soil during cooler weather. Harvest outer leaves as plant becomes well established, pick younger leaves for fresh use. Harvest latecrops during fall and winter months. A rich source of vitamins and minerals.','One cup of kale contains 36 calories, 5 grams of fiber, and 15% of the daily requirement of calcium and vitamin B6 (pyridoxine), 40% of magnesium, 180% of vitamin A, 200% of vitamin C, and 1,020% of vitamin K. It is also a good source of minerals copper, potassium, iron, manganese, and phosphorus.','2013-03-01 07:27:41','2013-03-01 07:27:41'),(16,16,'Smooth Leaf Kale','Brassica oleracea','This smooth leaf kale is hardy and nutritious. Ideal for early or late plantings. Its dark green leaves are thick and slightly scalloped along the edges.Approximately 65 days to maturity. ','Kale grows and tastes best when planted in a sunny location in a moderately moist rich soil during cooler weather. Harvest outer leaves as plant becomes well established, pick younger leaves for fresh use. Harvest latecrops during fall and winter months. A rich source of vitamins and minerals.','One cup of kale contains 36 calories, 5 grams of fiber, and 15% of the daily requirement of calcium and vitamin B6 (pyridoxine), 40% of magnesium, 180% of vitamin A, 200% of vitamin C, and 1,020% of vitamin K. It is also a good source of minerals copper, potassium, iron, manganese, and phosphorus.','2013-03-01 07:27:41','2013-03-01 07:27:41'),(17,17,'Smooth Leaf Kale','Brassica oleracea','This smooth leaf kale is hardy and nutritious. Ideal for early or late plantings. Its dark green leaves are thick and slightly scalloped along the edges.Approximately 65 days to maturity. ','Kale grows and tastes best when planted in a sunny location in a moderately moist rich soil during cooler weather. Harvest outer leaves as plant becomes well established, pick younger leaves for fresh use. Harvest latecrops during fall and winter months. A rich source of vitamins and minerals.','One cup of kale contains 36 calories, 5 grams of fiber, and 15% of the daily requirement of calcium and vitamin B6 (pyridoxine), 40% of magnesium, 180% of vitamin A, 200% of vitamin C, and 1,020% of vitamin K. It is also a good source of minerals copper, potassium, iron, manganese, and phosphorus.','2013-03-01 07:27:41','2013-03-01 07:27:41'),(18,18,'Smooth Leaf Kale','Brassica oleracea','This smooth leaf kale is hardy and nutritious. Ideal for early or late plantings. Its dark green leaves are thick and slightly scalloped along the edges.Approximately 65 days to maturity. ','Kale grows and tastes best when planted in a sunny location in a moderately moist rich soil during cooler weather. Harvest outer leaves as plant becomes well established, pick younger leaves for fresh use. Harvest latecrops during fall and winter months. A rich source of vitamins and minerals.','One cup of kale contains 36 calories, 5 grams of fiber, and 15% of the daily requirement of calcium and vitamin B6 (pyridoxine), 40% of magnesium, 180% of vitamin A, 200% of vitamin C, and 1,020% of vitamin K. It is also a good source of minerals copper, potassium, iron, manganese, and phosphorus.','2013-03-01 07:27:41','2013-03-01 07:27:41'),(19,19,'Smooth Leaf Kale','Brassica oleracea','This smooth leaf kale is hardy and nutritious. Ideal for early or late plantings. Its dark green leaves are thick and slightly scalloped along the edges.Approximately 65 days to maturity. ','Kale grows and tastes best when planted in a sunny location in a moderately moist rich soil during cooler weather. Harvest outer leaves as plant becomes well established, pick younger leaves for fresh use. Harvest latecrops during fall and winter months. A rich source of vitamins and minerals.','One cup of kale contains 36 calories, 5 grams of fiber, and 15% of the daily requirement of calcium and vitamin B6 (pyridoxine), 40% of magnesium, 180% of vitamin A, 200% of vitamin C, and 1,020% of vitamin K. It is also a good source of minerals copper, potassium, iron, manganese, and phosphorus.','2013-03-01 07:27:41','2013-03-01 07:27:41'),(20,20,'Smooth Leaf Kale','Brassica oleracea','This smooth leaf kale is hardy and nutritious. Ideal for early or late plantings. Its dark green leaves are thick and slightly scalloped along the edges.Approximately 65 days to maturity. ','Kale grows and tastes best when planted in a sunny location in a moderately moist rich soil during cooler weather. Harvest outer leaves as plant becomes well established, pick younger leaves for fresh use. Harvest latecrops during fall and winter months. A rich source of vitamins and minerals.','One cup of kale contains 36 calories, 5 grams of fiber, and 15% of the daily requirement of calcium and vitamin B6 (pyridoxine), 40% of magnesium, 180% of vitamin A, 200% of vitamin C, and 1,020% of vitamin K. It is also a good source of minerals copper, potassium, iron, manganese, and phosphorus.','2013-03-01 07:27:41','2013-03-01 07:27:41'),(21,21,'Smooth Leaf Kale','Brassica oleracea','This smooth leaf kale is hardy and nutritious. Ideal for early or late plantings. Its dark green leaves are thick and slightly scalloped along the edges.Approximately 65 days to maturity. ','Kale grows and tastes best when planted in a sunny location in a moderately moist rich soil during cooler weather. Harvest outer leaves as plant becomes well established, pick younger leaves for fresh use. Harvest latecrops during fall and winter months. A rich source of vitamins and minerals.','One cup of kale contains 36 calories, 5 grams of fiber, and 15% of the daily requirement of calcium and vitamin B6 (pyridoxine), 40% of magnesium, 180% of vitamin A, 200% of vitamin C, and 1,020% of vitamin K. It is also a good source of minerals copper, potassium, iron, manganese, and phosphorus.','2013-03-01 07:27:41','2013-03-01 07:27:41'),(22,22,'Smooth Leaf Kale','Brassica oleracea','This smooth leaf kale is hardy and nutritious. Ideal for early or late plantings. Its dark green leaves are thick and slightly scalloped along the edges.Approximately 65 days to maturity. ','Kale grows and tastes best when planted in a sunny location in a moderately moist rich soil during cooler weather. Harvest outer leaves as plant becomes well established, pick younger leaves for fresh use. Harvest latecrops during fall and winter months. A rich source of vitamins and minerals.','One cup of kale contains 36 calories, 5 grams of fiber, and 15% of the daily requirement of calcium and vitamin B6 (pyridoxine), 40% of magnesium, 180% of vitamin A, 200% of vitamin C, and 1,020% of vitamin K. It is also a good source of minerals copper, potassium, iron, manganese, and phosphorus.','2013-03-01 07:27:41','2013-03-01 07:27:41'),(23,23,'Smooth Leaf Kale','Brassica oleracea','This smooth leaf kale is hardy and nutritious. Ideal for early or late plantings. Its dark green leaves are thick and slightly scalloped along the edges.Approximately 65 days to maturity. ','Kale grows and tastes best when planted in a sunny location in a moderately moist rich soil during cooler weather. Harvest outer leaves as plant becomes well established, pick younger leaves for fresh use. Harvest latecrops during fall and winter months. A rich source of vitamins and minerals.','One cup of kale contains 36 calories, 5 grams of fiber, and 15% of the daily requirement of calcium and vitamin B6 (pyridoxine), 40% of magnesium, 180% of vitamin A, 200% of vitamin C, and 1,020% of vitamin K. It is also a good source of minerals copper, potassium, iron, manganese, and phosphorus.','2013-03-01 07:27:41','2013-03-01 07:27:41'),(24,24,'Smooth Leaf Kale','Brassica oleracea','This smooth leaf kale is hardy and nutritious. Ideal for early or late plantings. Its dark green leaves are thick and slightly scalloped along the edges.Approximately 65 days to maturity. ','Kale grows and tastes best when planted in a sunny location in a moderately moist rich soil during cooler weather. Harvest outer leaves as plant becomes well established, pick younger leaves for fresh use. Harvest latecrops during fall and winter months. A rich source of vitamins and minerals.','One cup of kale contains 36 calories, 5 grams of fiber, and 15% of the daily requirement of calcium and vitamin B6 (pyridoxine), 40% of magnesium, 180% of vitamin A, 200% of vitamin C, and 1,020% of vitamin K. It is also a good source of minerals copper, potassium, iron, manganese, and phosphorus.','2013-03-01 07:27:41','2013-03-01 07:27:41'),(25,25,'Smooth Leaf Kale','Brassica oleracea','This smooth leaf kale is hardy and nutritious. Ideal for early or late plantings. Its dark green leaves are thick and slightly scalloped along the edges.Approximately 65 days to maturity. ','Kale grows and tastes best when planted in a sunny location in a moderately moist rich soil during cooler weather. Harvest outer leaves as plant becomes well established, pick younger leaves for fresh use. Harvest latecrops during fall and winter months. A rich source of vitamins and minerals.','One cup of kale contains 36 calories, 5 grams of fiber, and 15% of the daily requirement of calcium and vitamin B6 (pyridoxine), 40% of magnesium, 180% of vitamin A, 200% of vitamin C, and 1,020% of vitamin K. It is also a good source of minerals copper, potassium, iron, manganese, and phosphorus.','2013-03-01 07:27:41','2013-03-01 07:27:41'),(26,26,'Smooth Leaf Kale','Brassica oleracea','This smooth leaf kale is hardy and nutritious. Ideal for early or late plantings. Its dark green leaves are thick and slightly scalloped along the edges.Approximately 65 days to maturity. ','Kale grows and tastes best when planted in a sunny location in a moderately moist rich soil during cooler weather. Harvest outer leaves as plant becomes well established, pick younger leaves for fresh use. Harvest latecrops during fall and winter months. A rich source of vitamins and minerals.','One cup of kale contains 36 calories, 5 grams of fiber, and 15% of the daily requirement of calcium and vitamin B6 (pyridoxine), 40% of magnesium, 180% of vitamin A, 200% of vitamin C, and 1,020% of vitamin K. It is also a good source of minerals copper, potassium, iron, manganese, and phosphorus.','2013-03-01 07:27:41','2013-03-01 07:27:41'),(27,27,'Smooth Leaf Kale','Brassica oleracea','This smooth leaf kale is hardy and nutritious. Ideal for early or late plantings. Its dark green leaves are thick and slightly scalloped along the edges.Approximately 65 days to maturity. ','Kale grows and tastes best when planted in a sunny location in a moderately moist rich soil during cooler weather. Harvest outer leaves as plant becomes well established, pick younger leaves for fresh use. Harvest latecrops during fall and winter months. A rich source of vitamins and minerals.','One cup of kale contains 36 calories, 5 grams of fiber, and 15% of the daily requirement of calcium and vitamin B6 (pyridoxine), 40% of magnesium, 180% of vitamin A, 200% of vitamin C, and 1,020% of vitamin K. It is also a good source of minerals copper, potassium, iron, manganese, and phosphorus.','2013-03-01 07:27:41','2013-03-01 07:27:41'),(28,28,'Smooth Leaf Kale','Brassica oleracea','This smooth leaf kale is hardy and nutritious. Ideal for early or late plantings. Its dark green leaves are thick and slightly scalloped along the edges.Approximately 65 days to maturity. ','Kale grows and tastes best when planted in a sunny location in a moderately moist rich soil during cooler weather. Harvest outer leaves as plant becomes well established, pick younger leaves for fresh use. Harvest latecrops during fall and winter months. A rich source of vitamins and minerals.','One cup of kale contains 36 calories, 5 grams of fiber, and 15% of the daily requirement of calcium and vitamin B6 (pyridoxine), 40% of magnesium, 180% of vitamin A, 200% of vitamin C, and 1,020% of vitamin K. It is also a good source of minerals copper, potassium, iron, manganese, and phosphorus.','2013-03-01 07:27:41','2013-03-01 07:27:41'),(29,29,'Smooth Leaf Kale','Brassica oleracea','This smooth leaf kale is hardy and nutritious. Ideal for early or late plantings. Its dark green leaves are thick and slightly scalloped along the edges.Approximately 65 days to maturity. ','Kale grows and tastes best when planted in a sunny location in a moderately moist rich soil during cooler weather. Harvest outer leaves as plant becomes well established, pick younger leaves for fresh use. Harvest latecrops during fall and winter months. A rich source of vitamins and minerals.','One cup of kale contains 36 calories, 5 grams of fiber, and 15% of the daily requirement of calcium and vitamin B6 (pyridoxine), 40% of magnesium, 180% of vitamin A, 200% of vitamin C, and 1,020% of vitamin K. It is also a good source of minerals copper, potassium, iron, manganese, and phosphorus.','2013-03-01 07:27:41','2013-03-01 07:27:41'),(30,30,'Smooth Leaf Kale','Brassica oleracea','This smooth leaf kale is hardy and nutritious. Ideal for early or late plantings. Its dark green leaves are thick and slightly scalloped along the edges.Approximately 65 days to maturity. ','Kale grows and tastes best when planted in a sunny location in a moderately moist rich soil during cooler weather. Harvest outer leaves as plant becomes well established, pick younger leaves for fresh use. Harvest latecrops during fall and winter months. A rich source of vitamins and minerals.','One cup of kale contains 36 calories, 5 grams of fiber, and 15% of the daily requirement of calcium and vitamin B6 (pyridoxine), 40% of magnesium, 180% of vitamin A, 200% of vitamin C, and 1,020% of vitamin K. It is also a good source of minerals copper, potassium, iron, manganese, and phosphorus.','2013-03-01 07:27:41','2013-03-01 07:27:41'),(31,31,'Rhubarb ','Rheum rhabarbarum','The rhubarb plant is nearly perfectly round and the shoots grow rapidly in spring. Harvest before shoots get tough for perfect preserves and freezing.','The earliest records of rhubarb date back to China in 2700 B.C., where it was used for medicinal purposes. 1 pound of fresh rhubarb yields about 3 cups chopped or 2 cups cooked. Rhubarb is a member of the buckwheat family and botanically speaking, it’s a vegetable, not a fruit.','Rhubarb contains vitamin A, potassium, and calcium. One cup of cooked rhubarb contains as much calcium as a glass of milk! (Calcium from plant sources is not as well absorbed by the body as calcium from dairy products, however.)','2013-03-01 07:27:41','2013-03-01 07:27:41'),(32,32,'Sweet Basil','Ocimum basilicum','The round, often pointed leaves of the basil plant looks a lot like peppermint to which it is related. Its highly fragrant leaves are used as a seasoning herb for a variety of foods but has become ever popular as the main ingredient in pesto, the mixture of basil, pine nuts and parmesan cheese. ','Basil is very sensitive to cold, with best growth in hot, dry conditions. It behaves as an annual if there is any chance of a frost. ','Recently, there has been much research into the health benefits conferred by the essential oils found in basil. Scientific studies in vitro have established that compounds in basil oil have potent antioxidant, antiviral, and antimicrobial properties, and potential for use in treating cancer.[','2013-03-01 07:27:41','2013-03-01 07:27:41'),(33,33,'Sweet Basil','Ocimum basilicum','The round, often pointed leaves of the basil plant looks a lot like peppermint to which it is related. Its highly fragrant leaves are used as a seasoning herb for a variety of foods but has become ever popular as the main ingredient in pesto, the mixture of basil, pine nuts and parmesan cheese. ','Basil is very sensitive to cold, with best growth in hot, dry conditions. It behaves as an annual if there is any chance of a frost. ','Recently, there has been much research into the health benefits conferred by the essential oils found in basil. Scientific studies in vitro have established that compounds in basil oil have potent antioxidant, antiviral, and antimicrobial properties, and potential for use in treating cancer.[','2013-03-01 07:27:41','2013-03-01 07:27:41'),(34,34,'Sweet Basil','Ocimum basilicum','The round, often pointed leaves of the basil plant looks a lot like peppermint to which it is related. Its highly fragrant leaves are used as a seasoning herb for a variety of foods but has become ever popular as the main ingredient in pesto, the mixture of basil, pine nuts and parmesan cheese. ','Basil is very sensitive to cold, with best growth in hot, dry conditions. It behaves as an annual if there is any chance of a frost. ','Recently, there has been much research into the health benefits conferred by the essential oils found in basil. Scientific studies in vitro have established that compounds in basil oil have potent antioxidant, antiviral, and antimicrobial properties, and potential for use in treating cancer.[','2013-03-01 07:27:41','2013-03-01 07:27:41'),(35,35,'Sweet Basil','Ocimum basilicum','The round, often pointed leaves of the basil plant looks a lot like peppermint to which it is related. Its highly fragrant leaves are used as a seasoning herb for a variety of foods but has become ever popular as the main ingredient in pesto, the mixture of basil, pine nuts and parmesan cheese. ','Basil is very sensitive to cold, with best growth in hot, dry conditions. It behaves as an annual if there is any chance of a frost. ','Recently, there has been much research into the health benefits conferred by the essential oils found in basil. Scientific studies in vitro have established that compounds in basil oil have potent antioxidant, antiviral, and antimicrobial properties, and potential for use in treating cancer.[','2013-03-01 07:27:41','2013-03-01 07:27:41'),(36,36,'Sweet Basil','Ocimum basilicum','The round, often pointed leaves of the basil plant looks a lot like peppermint to which it is related. Its highly fragrant leaves are used as a seasoning herb for a variety of foods but has become ever popular as the main ingredient in pesto, the mixture of basil, pine nuts and parmesan cheese. ','Basil is very sensitive to cold, with best growth in hot, dry conditions. It behaves as an annual if there is any chance of a frost. ','Recently, there has been much research into the health benefits conferred by the essential oils found in basil. Scientific studies in vitro have established that compounds in basil oil have potent antioxidant, antiviral, and antimicrobial properties, and potential for use in treating cancer.[','2013-03-01 07:27:41','2013-03-01 07:27:41'),(37,37,'Sweet Basil','Ocimum basilicum','The round, often pointed leaves of the basil plant looks a lot like peppermint to which it is related. Its highly fragrant leaves are used as a seasoning herb for a variety of foods but has become ever popular as the main ingredient in pesto, the mixture of basil, pine nuts and parmesan cheese. ','Basil is very sensitive to cold, with best growth in hot, dry conditions. It behaves as an annual if there is any chance of a frost. ','Recently, there has been much research into the health benefits conferred by the essential oils found in basil. Scientific studies in vitro have established that compounds in basil oil have potent antioxidant, antiviral, and antimicrobial properties, and potential for use in treating cancer.[','2013-03-01 07:27:41','2013-03-01 07:27:41'),(38,38,'Sweet Basil','Ocimum basilicum','The round, often pointed leaves of the basil plant looks a lot like peppermint to which it is related. Its highly fragrant leaves are used as a seasoning herb for a variety of foods but has become ever popular as the main ingredient in pesto, the mixture of basil, pine nuts and parmesan cheese. ','Basil is very sensitive to cold, with best growth in hot, dry conditions. It behaves as an annual if there is any chance of a frost. ','Recently, there has been much research into the health benefits conferred by the essential oils found in basil. Scientific studies in vitro have established that compounds in basil oil have potent antioxidant, antiviral, and antimicrobial properties, and potential for use in treating cancer.[','2013-03-01 07:27:41','2013-03-01 07:27:41'),(39,39,'Sweet Basil','Ocimum basilicum','The round, often pointed leaves of the basil plant looks a lot like peppermint to which it is related. Its highly fragrant leaves are used as a seasoning herb for a variety of foods but has become ever popular as the main ingredient in pesto, the mixture of basil, pine nuts and parmesan cheese. ','Basil is very sensitive to cold, with best growth in hot, dry conditions. It behaves as an annual if there is any chance of a frost. ','Recently, there has been much research into the health benefits conferred by the essential oils found in basil. Scientific studies in vitro have established that compounds in basil oil have potent antioxidant, antiviral, and antimicrobial properties, and potential for use in treating cancer.[','2013-03-01 07:27:41','2013-03-01 07:27:41'),(40,40,'Sweet Basil','Ocimum basilicum','The round, often pointed leaves of the basil plant looks a lot like peppermint to which it is related. Its highly fragrant leaves are used as a seasoning herb for a variety of foods but has become ever popular as the main ingredient in pesto, the mixture of basil, pine nuts and parmesan cheese. ','Basil is very sensitive to cold, with best growth in hot, dry conditions. It behaves as an annual if there is any chance of a frost. ','Recently, there has been much research into the health benefits conferred by the essential oils found in basil. Scientific studies in vitro have established that compounds in basil oil have potent antioxidant, antiviral, and antimicrobial properties, and potential for use in treating cancer.[','2013-03-01 07:27:41','2013-03-01 07:27:41'),(41,41,'Sweet Basil','Ocimum basilicum','The round, often pointed leaves of the basil plant looks a lot like peppermint to which it is related. Its highly fragrant leaves are used as a seasoning herb for a variety of foods but has become ever popular as the main ingredient in pesto, the mixture of basil, pine nuts and parmesan cheese. ','Basil is very sensitive to cold, with best growth in hot, dry conditions. It behaves as an annual if there is any chance of a frost. ','Recently, there has been much research into the health benefits conferred by the essential oils found in basil. Scientific studies in vitro have established that compounds in basil oil have potent antioxidant, antiviral, and antimicrobial properties, and potential for use in treating cancer.[','2013-03-01 07:27:41','2013-03-01 07:27:41'),(42,42,'Sweet Basil','Ocimum basilicum','The round, often pointed leaves of the basil plant looks a lot like peppermint to which it is related. Its highly fragrant leaves are used as a seasoning herb for a variety of foods but has become ever popular as the main ingredient in pesto, the mixture of basil, pine nuts and parmesan cheese. ','Basil is very sensitive to cold, with best growth in hot, dry conditions. It behaves as an annual if there is any chance of a frost. ','Recently, there has been much research into the health benefits conferred by the essential oils found in basil. Scientific studies in vitro have established that compounds in basil oil have potent antioxidant, antiviral, and antimicrobial properties, and potential for use in treating cancer.[','2013-03-01 07:27:41','2013-03-01 07:27:41'),(43,43,'Sweet Basil','Ocimum basilicum','The round, often pointed leaves of the basil plant looks a lot like peppermint to which it is related. Its highly fragrant leaves are used as a seasoning herb for a variety of foods but has become ever popular as the main ingredient in pesto, the mixture of basil, pine nuts and parmesan cheese. ','Basil is very sensitive to cold, with best growth in hot, dry conditions. It behaves as an annual if there is any chance of a frost. ','Recently, there has been much research into the health benefits conferred by the essential oils found in basil. Scientific studies in vitro have established that compounds in basil oil have potent antioxidant, antiviral, and antimicrobial properties, and potential for use in treating cancer.[','2013-03-01 07:27:41','2013-03-01 07:27:41'),(44,44,'Sweet Basil','Ocimum basilicum','The round, often pointed leaves of the basil plant looks a lot like peppermint to which it is related. Its highly fragrant leaves are used as a seasoning herb for a variety of foods but has become ever popular as the main ingredient in pesto, the mixture of basil, pine nuts and parmesan cheese. ','Basil is very sensitive to cold, with best growth in hot, dry conditions. It behaves as an annual if there is any chance of a frost. ','Recently, there has been much research into the health benefits conferred by the essential oils found in basil. Scientific studies in vitro have established that compounds in basil oil have potent antioxidant, antiviral, and antimicrobial properties, and potential for use in treating cancer.[','2013-03-01 07:27:41','2013-03-01 07:27:41'),(45,45,'Sweet Basil','Ocimum basilicum','The round, often pointed leaves of the basil plant looks a lot like peppermint to which it is related. Its highly fragrant leaves are used as a seasoning herb for a variety of foods but has become ever popular as the main ingredient in pesto, the mixture of basil, pine nuts and parmesan cheese. ','Basil is very sensitive to cold, with best growth in hot, dry conditions. It behaves as an annual if there is any chance of a frost. ','Recently, there has been much research into the health benefits conferred by the essential oils found in basil. Scientific studies in vitro have established that compounds in basil oil have potent antioxidant, antiviral, and antimicrobial properties, and potential for use in treating cancer.[','2013-03-01 07:27:41','2013-03-01 07:27:41'),(46,46,'Sweet Basil','Ocimum basilicum','The round, often pointed leaves of the basil plant looks a lot like peppermint to which it is related. Its highly fragrant leaves are used as a seasoning herb for a variety of foods but has become ever popular as the main ingredient in pesto, the mixture of basil, pine nuts and parmesan cheese. ','Basil is very sensitive to cold, with best growth in hot, dry conditions. It behaves as an annual if there is any chance of a frost. ','Recently, there has been much research into the health benefits conferred by the essential oils found in basil. Scientific studies in vitro have established that compounds in basil oil have potent antioxidant, antiviral, and antimicrobial properties, and potential for use in treating cancer.[','2013-03-01 07:27:41','2013-03-01 07:27:41'),(47,47,'Sweet Basil','Ocimum basilicum','The round, often pointed leaves of the basil plant looks a lot like peppermint to which it is related. Its highly fragrant leaves are used as a seasoning herb for a variety of foods but has become ever popular as the main ingredient in pesto, the mixture of basil, pine nuts and parmesan cheese. ','Basil is very sensitive to cold, with best growth in hot, dry conditions. It behaves as an annual if there is any chance of a frost. ','Recently, there has been much research into the health benefits conferred by the essential oils found in basil. Scientific studies in vitro have established that compounds in basil oil have potent antioxidant, antiviral, and antimicrobial properties, and potential for use in treating cancer.[','2013-03-01 07:27:41','2013-03-01 07:27:41'),(48,48,'Sweet Basil','Ocimum basilicum','The round, often pointed leaves of the basil plant looks a lot like peppermint to which it is related. Its highly fragrant leaves are used as a seasoning herb for a variety of foods but has become ever popular as the main ingredient in pesto, the mixture of basil, pine nuts and parmesan cheese. ','Basil is very sensitive to cold, with best growth in hot, dry conditions. It behaves as an annual if there is any chance of a frost. ','Recently, there has been much research into the health benefits conferred by the essential oils found in basil. Scientific studies in vitro have established that compounds in basil oil have potent antioxidant, antiviral, and antimicrobial properties, and potential for use in treating cancer.[','2013-03-01 07:27:41','2013-03-01 07:27:41'),(49,49,'Sweet Basil','Ocimum basilicum','The round, often pointed leaves of the basil plant looks a lot like peppermint to which it is related. Its highly fragrant leaves are used as a seasoning herb for a variety of foods but has become ever popular as the main ingredient in pesto, the mixture of basil, pine nuts and parmesan cheese. ','Basil is very sensitive to cold, with best growth in hot, dry conditions. It behaves as an annual if there is any chance of a frost. ','Recently, there has been much research into the health benefits conferred by the essential oils found in basil. Scientific studies in vitro have established that compounds in basil oil have potent antioxidant, antiviral, and antimicrobial properties, and potential for use in treating cancer.[','2013-03-01 07:27:41','2013-03-01 07:27:41'),(50,50,'Sweet Basil','Ocimum basilicum','The round, often pointed leaves of the basil plant looks a lot like peppermint to which it is related. Its highly fragrant leaves are used as a seasoning herb for a variety of foods but has become ever popular as the main ingredient in pesto, the mixture of basil, pine nuts and parmesan cheese. ','Basil is very sensitive to cold, with best growth in hot, dry conditions. It behaves as an annual if there is any chance of a frost. ','Recently, there has been much research into the health benefits conferred by the essential oils found in basil. Scientific studies in vitro have established that compounds in basil oil have potent antioxidant, antiviral, and antimicrobial properties, and potential for use in treating cancer.[','2013-03-01 07:27:41','2013-03-01 07:27:41'),(51,51,'Sweet Basil','Ocimum basilicum','The round, often pointed leaves of the basil plant looks a lot like peppermint to which it is related. Its highly fragrant leaves are used as a seasoning herb for a variety of foods but has become ever popular as the main ingredient in pesto, the mixture of basil, pine nuts and parmesan cheese. ','Basil is very sensitive to cold, with best growth in hot, dry conditions. It behaves as an annual if there is any chance of a frost. ','Recently, there has been much research into the health benefits conferred by the essential oils found in basil. Scientific studies in vitro have established that compounds in basil oil have potent antioxidant, antiviral, and antimicrobial properties, and potential for use in treating cancer.[','2013-03-01 07:27:41','2013-03-01 07:27:41'),(52,52,'Sweet Basil','Ocimum basilicum','The round, often pointed leaves of the basil plant looks a lot like peppermint to which it is related. Its highly fragrant leaves are used as a seasoning herb for a variety of foods but has become ever popular as the main ingredient in pesto, the mixture of basil, pine nuts and parmesan cheese. ','Basil is very sensitive to cold, with best growth in hot, dry conditions. It behaves as an annual if there is any chance of a frost. ','Recently, there has been much research into the health benefits conferred by the essential oils found in basil. Scientific studies in vitro have established that compounds in basil oil have potent antioxidant, antiviral, and antimicrobial properties, and potential for use in treating cancer.[','2013-03-01 07:27:41','2013-03-01 07:27:41'),(53,53,'Sweet Basil','Ocimum basilicum','The round, often pointed leaves of the basil plant looks a lot like peppermint to which it is related. Its highly fragrant leaves are used as a seasoning herb for a variety of foods but has become ever popular as the main ingredient in pesto, the mixture of basil, pine nuts and parmesan cheese. ','Basil is very sensitive to cold, with best growth in hot, dry conditions. It behaves as an annual if there is any chance of a frost. ','Recently, there has been much research into the health benefits conferred by the essential oils found in basil. Scientific studies in vitro have established that compounds in basil oil have potent antioxidant, antiviral, and antimicrobial properties, and potential for use in treating cancer.[','2013-03-01 07:27:41','2013-03-01 07:27:41'),(54,54,'Sweet Basil','Ocimum basilicum','The round, often pointed leaves of the basil plant looks a lot like peppermint to which it is related. Its highly fragrant leaves are used as a seasoning herb for a variety of foods but has become ever popular as the main ingredient in pesto, the mixture of basil, pine nuts and parmesan cheese. ','Basil is very sensitive to cold, with best growth in hot, dry conditions. It behaves as an annual if there is any chance of a frost. ','Recently, there has been much research into the health benefits conferred by the essential oils found in basil. Scientific studies in vitro have established that compounds in basil oil have potent antioxidant, antiviral, and antimicrobial properties, and potential for use in treating cancer.[','2013-03-01 07:27:41','2013-03-01 07:27:41'),(55,55,'Sweet Basil','Ocimum basilicum','The round, often pointed leaves of the basil plant looks a lot like peppermint to which it is related. Its highly fragrant leaves are used as a seasoning herb for a variety of foods but has become ever popular as the main ingredient in pesto, the mixture of basil, pine nuts and parmesan cheese. ','Basil is very sensitive to cold, with best growth in hot, dry conditions. It behaves as an annual if there is any chance of a frost. ','Recently, there has been much research into the health benefits conferred by the essential oils found in basil. Scientific studies in vitro have established that compounds in basil oil have potent antioxidant, antiviral, and antimicrobial properties, and potential for use in treating cancer.[','2013-03-01 07:27:41','2013-03-01 07:27:41'),(56,56,'Sweet Basil','Ocimum basilicum','The round, often pointed leaves of the basil plant looks a lot like peppermint to which it is related. Its highly fragrant leaves are used as a seasoning herb for a variety of foods but has become ever popular as the main ingredient in pesto, the mixture of basil, pine nuts and parmesan cheese. ','Basil is very sensitive to cold, with best growth in hot, dry conditions. It behaves as an annual if there is any chance of a frost. ','Recently, there has been much research into the health benefits conferred by the essential oils found in basil. Scientific studies in vitro have established that compounds in basil oil have potent antioxidant, antiviral, and antimicrobial properties, and potential for use in treating cancer.[','2013-03-01 07:27:41','2013-03-01 07:27:41'),(57,57,'Sweet Basil','Ocimum basilicum','The round, often pointed leaves of the basil plant looks a lot like peppermint to which it is related. Its highly fragrant leaves are used as a seasoning herb for a variety of foods but has become ever popular as the main ingredient in pesto, the mixture of basil, pine nuts and parmesan cheese. ','Basil is very sensitive to cold, with best growth in hot, dry conditions. It behaves as an annual if there is any chance of a frost. ','Recently, there has been much research into the health benefits conferred by the essential oils found in basil. Scientific studies in vitro have established that compounds in basil oil have potent antioxidant, antiviral, and antimicrobial properties, and potential for use in treating cancer.[','2013-03-01 07:27:41','2013-03-01 07:27:41'),(58,58,'Sweet Basil','Ocimum basilicum','The round, often pointed leaves of the basil plant looks a lot like peppermint to which it is related. Its highly fragrant leaves are used as a seasoning herb for a variety of foods but has become ever popular as the main ingredient in pesto, the mixture of basil, pine nuts and parmesan cheese. ','Basil is very sensitive to cold, with best growth in hot, dry conditions. It behaves as an annual if there is any chance of a frost. ','Recently, there has been much research into the health benefits conferred by the essential oils found in basil. Scientific studies in vitro have established that compounds in basil oil have potent antioxidant, antiviral, and antimicrobial properties, and potential for use in treating cancer.[','2013-03-01 07:27:41','2013-03-01 07:27:41'),(59,59,'Sweet Basil','Ocimum basilicum','The round, often pointed leaves of the basil plant looks a lot like peppermint to which it is related. Its highly fragrant leaves are used as a seasoning herb for a variety of foods but has become ever popular as the main ingredient in pesto, the mixture of basil, pine nuts and parmesan cheese. ','Basil is very sensitive to cold, with best growth in hot, dry conditions. It behaves as an annual if there is any chance of a frost. ','Recently, there has been much research into the health benefits conferred by the essential oils found in basil. Scientific studies in vitro have established that compounds in basil oil have potent antioxidant, antiviral, and antimicrobial properties, and potential for use in treating cancer.[','2013-03-01 07:27:41','2013-03-01 07:27:41'),(60,60,'Sweet Basil','Ocimum basilicum','The round, often pointed leaves of the basil plant looks a lot like peppermint to which it is related. Its highly fragrant leaves are used as a seasoning herb for a variety of foods but has become ever popular as the main ingredient in pesto, the mixture of basil, pine nuts and parmesan cheese. ','Basil is very sensitive to cold, with best growth in hot, dry conditions. It behaves as an annual if there is any chance of a frost. ','Recently, there has been much research into the health benefits conferred by the essential oils found in basil. Scientific studies in vitro have established that compounds in basil oil have potent antioxidant, antiviral, and antimicrobial properties, and potential for use in treating cancer.[','2013-03-01 07:27:41','2013-03-01 07:27:41'),(61,61,'Thai Basil','O. basilicum var. thyrsiflora',' Its flavor is more stable under high or extended cooking temperatures than that of sweet basil. Thai basil exhibits small, narrow leaves and purple stems, with a mauve (pink-purple) flower. One cultivar commonly grown in the United States is \'Queen of Siam\'.','Thai basil is the cultivar most often used for Asian cooking in Western kitchens. ','Although Vietnamese, Cambodians, and Laotians also use the Asian varieties of basil in their cuisines, the purple-stemmed, licorice-flavored leaves have come to be identified as Thai basil. It may be mistakenly called anise basil or licorice basil, but it is different from the Western strains bearing these same names.','2013-03-01 07:27:41','2013-03-01 07:27:41'),(62,62,'Thai Basil','O. basilicum var. thyrsiflora',' Its flavor is more stable under high or extended cooking temperatures than that of sweet basil. Thai basil exhibits small, narrow leaves and purple stems, with a mauve (pink-purple) flower. One cultivar commonly grown in the United States is \'Queen of Siam\'.','Thai basil is the cultivar most often used for Asian cooking in Western kitchens. ','Although Vietnamese, Cambodians, and Laotians also use the Asian varieties of basil in their cuisines, the purple-stemmed, licorice-flavored leaves have come to be identified as Thai basil. It may be mistakenly called anise basil or licorice basil, but it is different from the Western strains bearing these same names.','2013-03-01 07:27:41','2013-03-01 07:27:41'),(63,63,'Thai Basil','O. basilicum var. thyrsiflora',' Its flavor is more stable under high or extended cooking temperatures than that of sweet basil. Thai basil exhibits small, narrow leaves and purple stems, with a mauve (pink-purple) flower. One cultivar commonly grown in the United States is \'Queen of Siam\'.','Thai basil is the cultivar most often used for Asian cooking in Western kitchens. ','Although Vietnamese, Cambodians, and Laotians also use the Asian varieties of basil in their cuisines, the purple-stemmed, licorice-flavored leaves have come to be identified as Thai basil. It may be mistakenly called anise basil or licorice basil, but it is different from the Western strains bearing these same names.','2013-03-01 07:27:41','2013-03-01 07:27:41'),(64,64,'Thai Basil','O. basilicum var. thyrsiflora',' Its flavor is more stable under high or extended cooking temperatures than that of sweet basil. Thai basil exhibits small, narrow leaves and purple stems, with a mauve (pink-purple) flower. One cultivar commonly grown in the United States is \'Queen of Siam\'.','Thai basil is the cultivar most often used for Asian cooking in Western kitchens. ','Although Vietnamese, Cambodians, and Laotians also use the Asian varieties of basil in their cuisines, the purple-stemmed, licorice-flavored leaves have come to be identified as Thai basil. It may be mistakenly called anise basil or licorice basil, but it is different from the Western strains bearing these same names.','2013-03-01 07:27:41','2013-03-01 07:27:41'),(65,65,'Thai Basil','O. basilicum var. thyrsiflora',' Its flavor is more stable under high or extended cooking temperatures than that of sweet basil. Thai basil exhibits small, narrow leaves and purple stems, with a mauve (pink-purple) flower. One cultivar commonly grown in the United States is \'Queen of Siam\'.','Thai basil is the cultivar most often used for Asian cooking in Western kitchens. ','Although Vietnamese, Cambodians, and Laotians also use the Asian varieties of basil in their cuisines, the purple-stemmed, licorice-flavored leaves have come to be identified as Thai basil. It may be mistakenly called anise basil or licorice basil, but it is different from the Western strains bearing these same names.','2013-03-01 07:27:41','2013-03-01 07:27:41'),(66,66,'Thai Basil','O. basilicum var. thyrsiflora',' Its flavor is more stable under high or extended cooking temperatures than that of sweet basil. Thai basil exhibits small, narrow leaves and purple stems, with a mauve (pink-purple) flower. One cultivar commonly grown in the United States is \'Queen of Siam\'.','Thai basil is the cultivar most often used for Asian cooking in Western kitchens. ','Although Vietnamese, Cambodians, and Laotians also use the Asian varieties of basil in their cuisines, the purple-stemmed, licorice-flavored leaves have come to be identified as Thai basil. It may be mistakenly called anise basil or licorice basil, but it is different from the Western strains bearing these same names.','2013-03-01 07:27:41','2013-03-01 07:27:41'),(67,67,'Thai Basil','O. basilicum var. thyrsiflora',' Its flavor is more stable under high or extended cooking temperatures than that of sweet basil. Thai basil exhibits small, narrow leaves and purple stems, with a mauve (pink-purple) flower. One cultivar commonly grown in the United States is \'Queen of Siam\'.','Thai basil is the cultivar most often used for Asian cooking in Western kitchens. ','Although Vietnamese, Cambodians, and Laotians also use the Asian varieties of basil in their cuisines, the purple-stemmed, licorice-flavored leaves have come to be identified as Thai basil. It may be mistakenly called anise basil or licorice basil, but it is different from the Western strains bearing these same names.','2013-03-01 07:27:41','2013-03-01 07:27:41'),(68,68,'Thai Basil','O. basilicum var. thyrsiflora',' Its flavor is more stable under high or extended cooking temperatures than that of sweet basil. Thai basil exhibits small, narrow leaves and purple stems, with a mauve (pink-purple) flower. One cultivar commonly grown in the United States is \'Queen of Siam\'.','Thai basil is the cultivar most often used for Asian cooking in Western kitchens. ','Although Vietnamese, Cambodians, and Laotians also use the Asian varieties of basil in their cuisines, the purple-stemmed, licorice-flavored leaves have come to be identified as Thai basil. It may be mistakenly called anise basil or licorice basil, but it is different from the Western strains bearing these same names.','2013-03-01 07:27:41','2013-03-01 07:27:41'),(69,69,'Thai Basil','O. basilicum var. thyrsiflora',' Its flavor is more stable under high or extended cooking temperatures than that of sweet basil. Thai basil exhibits small, narrow leaves and purple stems, with a mauve (pink-purple) flower. One cultivar commonly grown in the United States is \'Queen of Siam\'.','Thai basil is the cultivar most often used for Asian cooking in Western kitchens. ','Although Vietnamese, Cambodians, and Laotians also use the Asian varieties of basil in their cuisines, the purple-stemmed, licorice-flavored leaves have come to be identified as Thai basil. It may be mistakenly called anise basil or licorice basil, but it is different from the Western strains bearing these same names.','2013-03-01 07:27:41','2013-03-01 07:27:41'),(70,70,'Thai Basil','O. basilicum var. thyrsiflora',' Its flavor is more stable under high or extended cooking temperatures than that of sweet basil. Thai basil exhibits small, narrow leaves and purple stems, with a mauve (pink-purple) flower. One cultivar commonly grown in the United States is \'Queen of Siam\'.','Thai basil is the cultivar most often used for Asian cooking in Western kitchens. ','Although Vietnamese, Cambodians, and Laotians also use the Asian varieties of basil in their cuisines, the purple-stemmed, licorice-flavored leaves have come to be identified as Thai basil. It may be mistakenly called anise basil or licorice basil, but it is different from the Western strains bearing these same names.','2013-03-01 07:27:41','2013-03-01 07:27:41'),(71,71,'Thai Basil','O. basilicum var. thyrsiflora',' Its flavor is more stable under high or extended cooking temperatures than that of sweet basil. Thai basil exhibits small, narrow leaves and purple stems, with a mauve (pink-purple) flower. One cultivar commonly grown in the United States is \'Queen of Siam\'.','Thai basil is the cultivar most often used for Asian cooking in Western kitchens. ','Although Vietnamese, Cambodians, and Laotians also use the Asian varieties of basil in their cuisines, the purple-stemmed, licorice-flavored leaves have come to be identified as Thai basil. It may be mistakenly called anise basil or licorice basil, but it is different from the Western strains bearing these same names.','2013-03-01 07:27:41','2013-03-01 07:27:41'),(72,72,'Thai Basil','O. basilicum var. thyrsiflora',' Its flavor is more stable under high or extended cooking temperatures than that of sweet basil. Thai basil exhibits small, narrow leaves and purple stems, with a mauve (pink-purple) flower. One cultivar commonly grown in the United States is \'Queen of Siam\'.','Thai basil is the cultivar most often used for Asian cooking in Western kitchens. ','Although Vietnamese, Cambodians, and Laotians also use the Asian varieties of basil in their cuisines, the purple-stemmed, licorice-flavored leaves have come to be identified as Thai basil. It may be mistakenly called anise basil or licorice basil, but it is different from the Western strains bearing these same names.','2013-03-01 07:27:41','2013-03-01 07:27:41'),(73,73,'Thai Basil','O. basilicum var. thyrsiflora',' Its flavor is more stable under high or extended cooking temperatures than that of sweet basil. Thai basil exhibits small, narrow leaves and purple stems, with a mauve (pink-purple) flower. One cultivar commonly grown in the United States is \'Queen of Siam\'.','Thai basil is the cultivar most often used for Asian cooking in Western kitchens. ','Although Vietnamese, Cambodians, and Laotians also use the Asian varieties of basil in their cuisines, the purple-stemmed, licorice-flavored leaves have come to be identified as Thai basil. It may be mistakenly called anise basil or licorice basil, but it is different from the Western strains bearing these same names.','2013-03-01 07:27:41','2013-03-01 07:27:41'),(74,74,'Thai Basil','O. basilicum var. thyrsiflora',' Its flavor is more stable under high or extended cooking temperatures than that of sweet basil. Thai basil exhibits small, narrow leaves and purple stems, with a mauve (pink-purple) flower. One cultivar commonly grown in the United States is \'Queen of Siam\'.','Thai basil is the cultivar most often used for Asian cooking in Western kitchens. ','Although Vietnamese, Cambodians, and Laotians also use the Asian varieties of basil in their cuisines, the purple-stemmed, licorice-flavored leaves have come to be identified as Thai basil. It may be mistakenly called anise basil or licorice basil, but it is different from the Western strains bearing these same names.','2013-03-01 07:27:41','2013-03-01 07:27:41'),(75,75,'Thai Basil','O. basilicum var. thyrsiflora',' Its flavor is more stable under high or extended cooking temperatures than that of sweet basil. Thai basil exhibits small, narrow leaves and purple stems, with a mauve (pink-purple) flower. One cultivar commonly grown in the United States is \'Queen of Siam\'.','Thai basil is the cultivar most often used for Asian cooking in Western kitchens. ','Although Vietnamese, Cambodians, and Laotians also use the Asian varieties of basil in their cuisines, the purple-stemmed, licorice-flavored leaves have come to be identified as Thai basil. It may be mistakenly called anise basil or licorice basil, but it is different from the Western strains bearing these same names.','2013-03-01 07:27:41','2013-03-01 07:27:41'),(76,76,'Early Girl Tomato','Solanum lycopersicum','Early Girl produces bright red, meaty tomatoes with incredible flavor and aroma earlier than other varieties. Its globe-shaped fruit is perfect for slicing on sandwiches and for salads. These tomatoes need at least one inch (2.5 cm) of water per week and prefer six hours or more of direct sun each day.','Tomatoes need even watering to prevent rotting. Water thoroughly but not too often (twice per week should suffice at first), and try to water early in the day so that plants will dry off before evening. This helps to reduce disease problems. Use drip or soaker hoses whenever possible. Water is used more efficiently this way and the leaves don\'t get wet. Tomatoes prefer regular feeding once the fruit sets, but too much early in the season will grow a large plant with fewer tomatoes. ','The red tomato is listed on most nutritional lists as a superfood. It is packed with the antioxidant vitamins A and C, potassium and the B vitamins for heart health, and above all a powerful carotenoid called lycopene. This phytonutrient, which is responsible for the bright red color of tomatoes, has been studied for its role in fighting various cancers, and its ability to lower cholesterol. When tomatoes are cooked, even more lycopene is made available. Lycopene has been shown to be especially effective when eaten with fat-rich foods such as avocado, olive oil, or nuts. There are the ingredients for a powerhouse salad!','2013-03-01 07:27:41','2013-03-01 07:27:41'),(77,77,'Early Girl Tomato','Solanum lycopersicum','Early Girl produces bright red, meaty tomatoes with incredible flavor and aroma earlier than other varieties. Its globe-shaped fruit is perfect for slicing on sandwiches and for salads. These tomatoes need at least one inch (2.5 cm) of water per week and prefer six hours or more of direct sun each day.','Tomatoes need even watering to prevent rotting. Water thoroughly but not too often (twice per week should suffice at first), and try to water early in the day so that plants will dry off before evening. This helps to reduce disease problems. Use drip or soaker hoses whenever possible. Water is used more efficiently this way and the leaves don\'t get wet. Tomatoes prefer regular feeding once the fruit sets, but too much early in the season will grow a large plant with fewer tomatoes. ','The red tomato is listed on most nutritional lists as a superfood. It is packed with the antioxidant vitamins A and C, potassium and the B vitamins for heart health, and above all a powerful carotenoid called lycopene. This phytonutrient, which is responsible for the bright red color of tomatoes, has been studied for its role in fighting various cancers, and its ability to lower cholesterol. When tomatoes are cooked, even more lycopene is made available. Lycopene has been shown to be especially effective when eaten with fat-rich foods such as avocado, olive oil, or nuts. There are the ingredients for a powerhouse salad!','2013-03-01 07:27:41','2013-03-01 07:27:41'),(78,78,'Early Girl Tomato','Solanum lycopersicum','Early Girl produces bright red, meaty tomatoes with incredible flavor and aroma earlier than other varieties. Its globe-shaped fruit is perfect for slicing on sandwiches and for salads. These tomatoes need at least one inch (2.5 cm) of water per week and prefer six hours or more of direct sun each day.','Tomatoes need even watering to prevent rotting. Water thoroughly but not too often (twice per week should suffice at first), and try to water early in the day so that plants will dry off before evening. This helps to reduce disease problems. Use drip or soaker hoses whenever possible. Water is used more efficiently this way and the leaves don\'t get wet. Tomatoes prefer regular feeding once the fruit sets, but too much early in the season will grow a large plant with fewer tomatoes. ','The red tomato is listed on most nutritional lists as a superfood. It is packed with the antioxidant vitamins A and C, potassium and the B vitamins for heart health, and above all a powerful carotenoid called lycopene. This phytonutrient, which is responsible for the bright red color of tomatoes, has been studied for its role in fighting various cancers, and its ability to lower cholesterol. When tomatoes are cooked, even more lycopene is made available. Lycopene has been shown to be especially effective when eaten with fat-rich foods such as avocado, olive oil, or nuts. There are the ingredients for a powerhouse salad!','2013-03-01 07:27:41','2013-03-01 07:27:41'),(79,79,'Parsley','Petroselinum crispum','Flat-leaved variety used in salad dressings, poultry, soups and as an ingredient of pesto. Flavor is much more pronounced than that of the more familiar curled type.','Days to Maturity: 40-60  days','Parsley is low in Saturated Fat, and very low in Cholesterol. It is also a good source of Protein, Vitamin E (Alpha Tocopherol), Thiamin, Riboflavin, Niacin, Vitamin B6, Pantothenic Acid, Phosphorus and Zinc, and a very good source of Dietary Fiber, Vitamin A, Vitamin C, Vitamin K, Folate, Calcium, Iron, Magnesium, Potassium, Copper and Manganese.','2013-03-01 07:27:41','2013-03-01 07:27:41'),(80,80,'Parsley','Petroselinum crispum','Flat-leaved variety used in salad dressings, poultry, soups and as an ingredient of pesto. Flavor is much more pronounced than that of the more familiar curled type.','Days to Maturity: 40-60  days','Parsley is low in Saturated Fat, and very low in Cholesterol. It is also a good source of Protein, Vitamin E (Alpha Tocopherol), Thiamin, Riboflavin, Niacin, Vitamin B6, Pantothenic Acid, Phosphorus and Zinc, and a very good source of Dietary Fiber, Vitamin A, Vitamin C, Vitamin K, Folate, Calcium, Iron, Magnesium, Potassium, Copper and Manganese.','2013-03-01 07:27:41','2013-03-01 07:27:41'),(81,81,'Parsley','Petroselinum crispum','Flat-leaved variety used in salad dressings, poultry, soups and as an ingredient of pesto. Flavor is much more pronounced than that of the more familiar curled type.','Days to Maturity: 40-60  days','Parsley is low in Saturated Fat, and very low in Cholesterol. It is also a good source of Protein, Vitamin E (Alpha Tocopherol), Thiamin, Riboflavin, Niacin, Vitamin B6, Pantothenic Acid, Phosphorus and Zinc, and a very good source of Dietary Fiber, Vitamin A, Vitamin C, Vitamin K, Folate, Calcium, Iron, Magnesium, Potassium, Copper and Manganese.','2013-03-01 07:27:41','2013-03-01 07:27:41'),(82,82,'Parsley','Petroselinum crispum','Flat-leaved variety used in salad dressings, poultry, soups and as an ingredient of pesto. Flavor is much more pronounced than that of the more familiar curled type.','Days to Maturity: 40-60  days','Parsley is low in Saturated Fat, and very low in Cholesterol. It is also a good source of Protein, Vitamin E (Alpha Tocopherol), Thiamin, Riboflavin, Niacin, Vitamin B6, Pantothenic Acid, Phosphorus and Zinc, and a very good source of Dietary Fiber, Vitamin A, Vitamin C, Vitamin K, Folate, Calcium, Iron, Magnesium, Potassium, Copper and Manganese.','2013-03-01 07:27:41','2013-03-01 07:27:41'),(83,83,'Rosemary','Rosmarinus officinalis','Rosmarinus officinalis, commonly known as rosemary, is a woody, perennial herb with fragrant, evergreen, needle-like leaves and white, pink, purple, or blue flowers, native to the Mediterranean region. It is a member of the mint family Lamiaceae, which includes many other herbs. ','The leaves, both fresh and dried, are used in traditional Mediterranean cuisine. They have a bitter, astringent taste and are highly aromatic, which complements a wide variety of foods. A tisane can be made from the leaves. When burnt, they give off a mustard-like smell and a smell similar to burning wood, which can be used to flavor foods while barbecuing.','Rosemary is high in iron, calcium and vitamin B6, 317 mg, 6.65 mg and 0.336 mg per 100 g, respectively.','2013-03-01 07:27:42','2013-03-01 07:27:42'),(84,84,'Rosemary','Rosmarinus officinalis','Rosmarinus officinalis, commonly known as rosemary, is a woody, perennial herb with fragrant, evergreen, needle-like leaves and white, pink, purple, or blue flowers, native to the Mediterranean region. It is a member of the mint family Lamiaceae, which includes many other herbs. ','The leaves, both fresh and dried, are used in traditional Mediterranean cuisine. They have a bitter, astringent taste and are highly aromatic, which complements a wide variety of foods. A tisane can be made from the leaves. When burnt, they give off a mustard-like smell and a smell similar to burning wood, which can be used to flavor foods while barbecuing.','Rosemary is high in iron, calcium and vitamin B6, 317 mg, 6.65 mg and 0.336 mg per 100 g, respectively.','2013-03-01 07:27:42','2013-03-01 07:27:42'),(85,85,'Thyme','Thymus vulgaris','Thyme adds a distinctive aromatic flavoring to sauces, stews, stuffings, meats, poultry – almost anything from soup to salad.',' In medieval times, the plant symbolized courage, and to keep up their spirits, knights departing for the Crusades received scarves embroidered with a sprig of thyme from their ladies. There was a popular belief, too, that a leaf tea prevented nightmares, while another held that tea made of thyme and other herbs enabled one to see nymphs and fairies.','Thyme provides 0.35 mg of vitamin B-6 or pyridoxine; furnishing about 27% of daily recommended intake. Pyridoxine keeps up GABA (beneficial neurotransmitter in the brain) levels in the brain, which has stress buster function.','2013-03-01 07:27:42','2013-03-01 07:27:42'),(86,86,'Thyme','Thymus vulgaris','Thyme adds a distinctive aromatic flavoring to sauces, stews, stuffings, meats, poultry – almost anything from soup to salad.',' In medieval times, the plant symbolized courage, and to keep up their spirits, knights departing for the Crusades received scarves embroidered with a sprig of thyme from their ladies. There was a popular belief, too, that a leaf tea prevented nightmares, while another held that tea made of thyme and other herbs enabled one to see nymphs and fairies.','Thyme provides 0.35 mg of vitamin B-6 or pyridoxine; furnishing about 27% of daily recommended intake. Pyridoxine keeps up GABA (beneficial neurotransmitter in the brain) levels in the brain, which has stress buster function.','2013-03-01 07:27:42','2013-03-01 07:27:42'),(87,87,'Tricolor Sage','Salvia officinalis \'Tricolor\'','Grow in average, dry to medium moisture, well-drained soil in full sun. Tolerates very light shade, but best in full sun. Wet and/or poorly-drained soils can be fatal. ','Tricolor sage is a cultivar of the culinary sage familiar to most cooks. It is perhaps grown primarily for its ornamental qualities (tricolor foliage), but it also has culinary properties. It is a compact, shrubby perennial which typically grows 1-1.5\' tall and features wrinkled, oblong leaves (to 4\" long) which are marbled with grayish-green, white and purple and edged with pink. Leaves are strongly aromatic and may be used fresh or dried in cooking. Whorls of two-lipped, lavender-blue flowers (to 1 inch long) in short, upright spikes appear in late spring. A mint family member that is attractive to bees and butterflies.','Sage is very low in Cholesterol and Sodium. It is also a good source of Vitamin C, Vitamin E (Alpha Tocopherol), Thiamin and Copper, and a very good source of Dietary Fiber, Vitamin A, Vitamin K, Vitamin B6, Folate, Calcium, Iron, Magnesium and Manganese.','2013-03-01 07:27:42','2013-03-01 07:27:42'),(88,88,'Tricolor Sage','Salvia officinalis \'Tricolor\'','Grow in average, dry to medium moisture, well-drained soil in full sun. Tolerates very light shade, but best in full sun. Wet and/or poorly-drained soils can be fatal. ','Tricolor sage is a cultivar of the culinary sage familiar to most cooks. It is perhaps grown primarily for its ornamental qualities (tricolor foliage), but it also has culinary properties. It is a compact, shrubby perennial which typically grows 1-1.5\' tall and features wrinkled, oblong leaves (to 4\" long) which are marbled with grayish-green, white and purple and edged with pink. Leaves are strongly aromatic and may be used fresh or dried in cooking. Whorls of two-lipped, lavender-blue flowers (to 1 inch long) in short, upright spikes appear in late spring. A mint family member that is attractive to bees and butterflies.','Sage is very low in Cholesterol and Sodium. It is also a good source of Vitamin C, Vitamin E (Alpha Tocopherol), Thiamin and Copper, and a very good source of Dietary Fiber, Vitamin A, Vitamin K, Vitamin B6, Folate, Calcium, Iron, Magnesium and Manganese.','2013-03-01 07:27:42','2013-03-01 07:27:42'),(89,89,'Oregano','Origanum vulgare','The plant grows to over two feet tall and has oval grayish-green leaves that are frequently used in pizza, spaghetti and marinara sauces, plus many other Italian dishes. It also complements beef or lamb stews, gravies, salads, soups, even tomato juice. It\'s small flowers can be lilac, pink, purple, or white. Oregano will grow in a pH range between 6.0 (mildly acid) and 9.0 (strongly alkaline) with a preferred range between 6.0 and 8.0.','When flowers appear, oregano is ready to be harvested, unless continuous picking of leaves during growth prevents flowering. About six weeks after planting, trim oregano shoots to within one inch of the center which will stimulate lush, bushy growth.','Oregano is very low in Cholesterol and Sodium. It is also a good source of Vitamin B6, Potassium and Copper, and a very good source of Dietary Fiber, Vitamin A, Vitamin C, Vitamin E (Alpha Tocopherol), Vitamin K, Folate, Calcium, Iron, Magnesium and Manganese.','2013-03-01 07:27:42','2013-03-01 07:27:42'),(90,90,'Oregano','Origanum vulgare','The plant grows to over two feet tall and has oval grayish-green leaves that are frequently used in pizza, spaghetti and marinara sauces, plus many other Italian dishes. It also complements beef or lamb stews, gravies, salads, soups, even tomato juice. It\'s small flowers can be lilac, pink, purple, or white. Oregano will grow in a pH range between 6.0 (mildly acid) and 9.0 (strongly alkaline) with a preferred range between 6.0 and 8.0.','When flowers appear, oregano is ready to be harvested, unless continuous picking of leaves during growth prevents flowering. About six weeks after planting, trim oregano shoots to within one inch of the center which will stimulate lush, bushy growth.','Oregano is very low in Cholesterol and Sodium. It is also a good source of Vitamin B6, Potassium and Copper, and a very good source of Dietary Fiber, Vitamin A, Vitamin C, Vitamin E (Alpha Tocopherol), Vitamin K, Folate, Calcium, Iron, Magnesium and Manganese.','2013-03-01 07:27:42','2013-03-01 07:27:42'),(91,91,'Red Potato','Solanum tuberosum','Red potatoes are a perfect choice for soups and potato salads because of their firmness and texture. Their natural pigmentation makes red potatoes a favorite among chefs wanting to add pizzazz to their dishes.','Do not refrigerate or freeze uncooked potatoes as this changes the potatoes\' starch into sugar. This alters the taste of potatoes and causes the flesh to darken when cooked.','Red Potatoes are Fat-free, Very low sodium, Source of fiber, High in vitamin C, Cholesterol-free.','2013-03-01 07:27:42','2013-03-01 07:27:42'),(92,92,'Red Potato','Solanum tuberosum','Red potatoes are a perfect choice for soups and potato salads because of their firmness and texture. Their natural pigmentation makes red potatoes a favorite among chefs wanting to add pizzazz to their dishes.','Do not refrigerate or freeze uncooked potatoes as this changes the potatoes\' starch into sugar. This alters the taste of potatoes and causes the flesh to darken when cooked.','Red Potatoes are Fat-free, Very low sodium, Source of fiber, High in vitamin C, Cholesterol-free.','2013-03-01 07:27:42','2013-03-01 07:27:42'),(93,93,'Red Potato','Solanum tuberosum','Red potatoes are a perfect choice for soups and potato salads because of their firmness and texture. Their natural pigmentation makes red potatoes a favorite among chefs wanting to add pizzazz to their dishes.','Do not refrigerate or freeze uncooked potatoes as this changes the potatoes\' starch into sugar. This alters the taste of potatoes and causes the flesh to darken when cooked.','Red Potatoes are Fat-free, Very low sodium, Source of fiber, High in vitamin C, Cholesterol-free.','2013-03-01 07:27:42','2013-03-01 07:27:42'),(94,94,'Red Potato','Solanum tuberosum','Red potatoes are a perfect choice for soups and potato salads because of their firmness and texture. Their natural pigmentation makes red potatoes a favorite among chefs wanting to add pizzazz to their dishes.','Do not refrigerate or freeze uncooked potatoes as this changes the potatoes\' starch into sugar. This alters the taste of potatoes and causes the flesh to darken when cooked.','Red Potatoes are Fat-free, Very low sodium, Source of fiber, High in vitamin C, Cholesterol-free.','2013-03-01 07:27:42','2013-03-01 07:27:42'),(95,95,'Red Potato','Solanum tuberosum','Red potatoes are a perfect choice for soups and potato salads because of their firmness and texture. Their natural pigmentation makes red potatoes a favorite among chefs wanting to add pizzazz to their dishes.','Do not refrigerate or freeze uncooked potatoes as this changes the potatoes\' starch into sugar. This alters the taste of potatoes and causes the flesh to darken when cooked.','Red Potatoes are Fat-free, Very low sodium, Source of fiber, High in vitamin C, Cholesterol-free.','2013-03-01 07:27:42','2013-03-01 07:27:42'),(96,96,'Leek ','Allium porrum','Leeks will not form bulbs or produce cloves like their cousins, but instead develop an edible, 6 - 10 inch-long, round stem that can measure 2 inches in diameter. The leek\'s cylindrical, white, edible root gradually becomes a stalk with a fan of dark green, flat leaves. Offering an earthy, mild onion flavor, the texture of a leek is crunchy when raw and silky when cooked. Leeks are considered to be the sweetest and most mild members of the onion family. ','The natural life cycle of a leek dictates that it must reproduce. This happens more often during later spring or early summer months when the weather becomes warmer. If the leek is not harvested in a timely manner, seasonal warmth will trigger the leek to flower and begin \'going to seed\', causing the core to become more solid, cork like and lose its pronounced rings.','Leeks are a good source of iron, vitamin C and folate. Four ounces of raw leek contains about 75 calories.','2013-03-01 07:27:42','2013-03-01 07:27:42'),(97,97,'Leek ','Allium porrum','Leeks will not form bulbs or produce cloves like their cousins, but instead develop an edible, 6 - 10 inch-long, round stem that can measure 2 inches in diameter. The leek\'s cylindrical, white, edible root gradually becomes a stalk with a fan of dark green, flat leaves. Offering an earthy, mild onion flavor, the texture of a leek is crunchy when raw and silky when cooked. Leeks are considered to be the sweetest and most mild members of the onion family. ','The natural life cycle of a leek dictates that it must reproduce. This happens more often during later spring or early summer months when the weather becomes warmer. If the leek is not harvested in a timely manner, seasonal warmth will trigger the leek to flower and begin \'going to seed\', causing the core to become more solid, cork like and lose its pronounced rings.','Leeks are a good source of iron, vitamin C and folate. Four ounces of raw leek contains about 75 calories.','2013-03-01 07:27:42','2013-03-01 07:27:42'),(98,98,'Leek ','Allium porrum','Leeks will not form bulbs or produce cloves like their cousins, but instead develop an edible, 6 - 10 inch-long, round stem that can measure 2 inches in diameter. The leek\'s cylindrical, white, edible root gradually becomes a stalk with a fan of dark green, flat leaves. Offering an earthy, mild onion flavor, the texture of a leek is crunchy when raw and silky when cooked. Leeks are considered to be the sweetest and most mild members of the onion family. ','The natural life cycle of a leek dictates that it must reproduce. This happens more often during later spring or early summer months when the weather becomes warmer. If the leek is not harvested in a timely manner, seasonal warmth will trigger the leek to flower and begin \'going to seed\', causing the core to become more solid, cork like and lose its pronounced rings.','Leeks are a good source of iron, vitamin C and folate. Four ounces of raw leek contains about 75 calories.','2013-03-01 07:27:42','2013-03-01 07:27:42'),(99,99,'Onion ','Allium cepa','Onions are easy to grow, have a fairly short growing period and take up little space in the garden. If you don’t have a vegetable garden, plant a few onions in your flower garden or in a pot or box and set them on your patio or in a sunny window. For an easy perennial onion patch, grow potato onions. Almost a lost variety, with flavor stronger then shallots, they can substitute for regular onions. Buy them once, plant in fall or spring, and enjoy harvests for decades.','The onion is a bulb-forming plant with long, tubular, deep, rich green leaves. They vary in size from the tiny green or spring onions to the large sweet Bermuda-type onion. Colors are white, yellow, and red. Bulb onions mature in response to changing amounts of daylight. The longer the plants grow before forming bulbs, the bigger and better those bulbs will be. ','Very low in saturated fat, no cholesterol, very low in sodium, high in dietary fiber, high in manganese, high in potassium, high in vitamin B6, very high in vitamin C, however, also very high in sugar','2013-03-01 07:27:42','2013-03-01 07:27:42'),(100,100,'Onion ','Allium cepa','Onions are easy to grow, have a fairly short growing period and take up little space in the garden. If you don’t have a vegetable garden, plant a few onions in your flower garden or in a pot or box and set them on your patio or in a sunny window. For an easy perennial onion patch, grow potato onions. Almost a lost variety, with flavor stronger then shallots, they can substitute for regular onions. Buy them once, plant in fall or spring, and enjoy harvests for decades.','The onion is a bulb-forming plant with long, tubular, deep, rich green leaves. They vary in size from the tiny green or spring onions to the large sweet Bermuda-type onion. Colors are white, yellow, and red. Bulb onions mature in response to changing amounts of daylight. The longer the plants grow before forming bulbs, the bigger and better those bulbs will be. ','Very low in saturated fat, no cholesterol, very low in sodium, high in dietary fiber, high in manganese, high in potassium, high in vitamin B6, very high in vitamin C, however, also very high in sugar','2013-03-01 07:27:42','2013-03-01 07:27:42');
/*!40000 ALTER TABLE `mobile_plants` ENABLE KEYS */;
UNLOCK TABLES;

--
-- Table structure for table `schema_migrations`
--

DROP TABLE IF EXISTS `schema_migrations`;
/*!40101 SET @saved_cs_client     = @@character_set_client */;
/*!40101 SET character_set_client = utf8 */;
CREATE TABLE `schema_migrations` (
  `version` varchar(255) NOT NULL,
  UNIQUE KEY `unique_schema_migrations` (`version`)
) ENGINE=InnoDB DEFAULT CHARSET=latin1;
/*!40101 SET character_set_client = @saved_cs_client */;

--
-- Dumping data for table `schema_migrations`
--

LOCK TABLES `schema_migrations` WRITE;
/*!40000 ALTER TABLE `schema_migrations` DISABLE KEYS */;
INSERT INTO `schema_migrations` VALUES ('20120303172702'),('20120303221901'),('20120303222323'),('20120303230224'),('20120303230428'),('20120304005504'),('20120304005544'),('20120819170133'),('20120819170632'),('20120819175713'),('20120919044326'),('20120919045022'),('20120925005610'),('20121021215049'),('20130301054433'),('20130301063443');
/*!40000 ALTER TABLE `schema_migrations` ENABLE KEYS */;
UNLOCK TABLES;

--
-- Table structure for table `settings`
--

DROP TABLE IF EXISTS `settings`;
/*!40101 SET @saved_cs_client     = @@character_set_client */;
/*!40101 SET character_set_client = utf8 */;
CREATE TABLE `settings` (
  `id` int(11) NOT NULL AUTO_INCREMENT,
  `key` varchar(255) DEFAULT NULL,
  `value` text,
  `created_at` datetime NOT NULL,
  `updated_at` datetime NOT NULL,
  PRIMARY KEY (`id`)
) ENGINE=InnoDB DEFAULT CHARSET=latin1;
/*!40101 SET character_set_client = @saved_cs_client */;

--
-- Dumping data for table `settings`
--

LOCK TABLES `settings` WRITE;
/*!40000 ALTER TABLE `settings` DISABLE KEYS */;
/*!40000 ALTER TABLE `settings` ENABLE KEYS */;
UNLOCK TABLES;

--
-- Table structure for table `subject_classrooms`
--

DROP TABLE IF EXISTS `subject_classrooms`;
/*!40101 SET @saved_cs_client     = @@character_set_client */;
/*!40101 SET character_set_client = utf8 */;
CREATE TABLE `subject_classrooms` (
  `id` int(11) NOT NULL AUTO_INCREMENT,
  `classroom_id` int(11) DEFAULT NULL,
  `subject_id` int(11) DEFAULT NULL,
  `created_at` datetime NOT NULL,
  `updated_at` datetime NOT NULL,
  PRIMARY KEY (`id`)
) ENGINE=InnoDB DEFAULT CHARSET=latin1;
/*!40101 SET character_set_client = @saved_cs_client */;

--
-- Dumping data for table `subject_classrooms`
--

LOCK TABLES `subject_classrooms` WRITE;
/*!40000 ALTER TABLE `subject_classrooms` DISABLE KEYS */;
/*!40000 ALTER TABLE `subject_classrooms` ENABLE KEYS */;
UNLOCK TABLES;

--
-- Table structure for table `subjects`
--

DROP TABLE IF EXISTS `subjects`;
/*!40101 SET @saved_cs_client     = @@character_set_client */;
/*!40101 SET character_set_client = utf8 */;
CREATE TABLE `subjects` (
  `id` int(11) NOT NULL AUTO_INCREMENT,
  `name` varchar(255) DEFAULT NULL,
  `description` text,
  `created_at` datetime NOT NULL,
  `updated_at` datetime NOT NULL,
  PRIMARY KEY (`id`)
) ENGINE=InnoDB DEFAULT CHARSET=latin1;
/*!40101 SET character_set_client = @saved_cs_client */;

--
-- Dumping data for table `subjects`
--

LOCK TABLES `subjects` WRITE;
/*!40000 ALTER TABLE `subjects` DISABLE KEYS */;
/*!40000 ALTER TABLE `subjects` ENABLE KEYS */;
UNLOCK TABLES;

--
-- Table structure for table `units`
--

DROP TABLE IF EXISTS `units`;
/*!40101 SET @saved_cs_client     = @@character_set_client */;
/*!40101 SET character_set_client = utf8 */;
CREATE TABLE `units` (
  `id` int(11) NOT NULL AUTO_INCREMENT,
  `name` varchar(255) DEFAULT NULL,
  `sort_order` int(11) DEFAULT NULL,
  `enabled` tinyint(1) DEFAULT NULL,
  `created_at` datetime NOT NULL,
  `updated_at` datetime NOT NULL,
  `sort` int(11) DEFAULT '0',
  PRIMARY KEY (`id`)
) ENGINE=InnoDB AUTO_INCREMENT=42 DEFAULT CHARSET=latin1;
/*!40101 SET character_set_client = @saved_cs_client */;

--
-- Dumping data for table `units`
--

LOCK TABLES `units` WRITE;
/*!40000 ALTER TABLE `units` DISABLE KEYS */;
INSERT INTO `units` VALUES (2,'Agricultural Origins',NULL,NULL,'2012-09-11 03:15:55','2013-02-25 17:29:57',10),(3,'Taxonomy',NULL,NULL,'2012-09-11 03:16:36','2013-02-25 17:29:57',8),(4,'Washington Agriculture',NULL,NULL,'2012-09-11 03:17:15','2013-02-25 17:29:57',9),(5,'Strawberries',NULL,NULL,'2012-09-12 16:08:38','2012-12-19 17:35:07',3),(6,'Introduction',NULL,NULL,'2012-09-12 16:10:48','2013-01-18 17:28:53',13),(7,'Turf Grass Management',NULL,NULL,'2012-09-14 21:44:52','2012-12-19 17:35:07',2),(8,'Plant Identification',NULL,NULL,'2012-09-14 21:45:10','2013-02-25 17:29:57',2),(9,'Plant Structures',NULL,NULL,'2012-09-14 21:45:18','2013-02-25 17:29:57',7),(11,'7 Habits',NULL,NULL,'2012-09-14 21:48:51','2013-01-18 17:28:53',12),(12,'Introduction to Plant Science II',NULL,NULL,'2012-09-24 18:01:31','2012-12-19 17:35:07',4),(13,'Forms and Handouts',NULL,NULL,'2012-09-24 18:04:17','2012-09-24 18:04:17',0),(14,'Handouts',NULL,NULL,'2012-09-24 18:15:32','2012-09-24 18:15:32',0),(15,'Preparing your path for Success',NULL,NULL,'2012-10-01 19:13:10','2013-01-18 17:28:53',10),(16,'PowerPoint Fridays!',NULL,NULL,'2012-10-12 19:45:38','2013-01-18 17:28:53',11),(17,'Discovering Career Choice Influences (Ch. 2)',NULL,NULL,'2012-10-17 18:25:56','2013-01-18 17:28:53',9),(19,'Fall Color',NULL,NULL,'2012-11-02 18:31:25','2013-02-25 17:29:57',6),(20,'Understanding Yourself Ch. 3',NULL,NULL,'2012-11-02 18:36:10','2013-01-18 17:28:53',8),(21,'Looking into the Future Ch. 4',NULL,NULL,'2012-11-02 18:36:33','2013-01-18 17:28:53',7),(22,'Greenhouse Operations',NULL,NULL,'2012-11-14 19:49:38','2013-02-25 17:29:57',5),(23,'Holiday Plants and Evergreens',NULL,NULL,'2012-11-16 17:26:01','2013-02-25 17:29:57',4),(24,'Planning Your Internal Career Design Ch. 5',NULL,NULL,'2012-11-16 20:30:41','2013-01-18 17:28:53',6),(25,'Understanding Finances Ch. 7',NULL,NULL,'2012-11-16 20:31:04','2013-01-18 17:28:53',5),(26,'Considering Career Preparation Choices Ch. 8',NULL,NULL,'2012-12-10 23:25:44','2013-01-18 17:28:53',4),(27,'Integrated Pest Management',NULL,NULL,'2012-12-19 17:31:36','2012-12-19 17:35:07',1),(28,'Hydroponics',NULL,NULL,'2012-12-19 17:32:00','2013-02-25 17:29:57',0),(30,'Going from Here to your Career Ch. 9 ',NULL,NULL,'2013-01-04 00:04:35','2013-01-18 17:28:53',3),(31,'Searching for a Job Ch. 10',NULL,NULL,'2013-01-04 00:29:04','2013-01-18 17:28:53',2),(32,'Annuals, Perennials and Greenhouse Growing',NULL,NULL,'2013-01-11 23:01:02','2013-02-25 17:29:57',3),(33,'Applying for a Job Ch. 11',NULL,NULL,'2013-01-11 23:03:46','2013-01-18 17:28:53',1),(34,'Final Project',NULL,NULL,'2013-01-18 17:28:51','2013-01-18 17:28:51',0),(35,'Introduction',NULL,NULL,'2013-01-30 22:14:54','2013-03-01 20:24:19',5),(36,'History of Floral Design',NULL,NULL,'2013-01-30 22:15:17','2013-03-01 20:24:19',4),(37,'The Cell',NULL,NULL,'2013-02-06 17:38:19','2013-02-25 17:29:57',1),(38,'Tools, Techniques, and Safety',NULL,NULL,'2013-02-12 22:47:41','2013-03-01 20:24:19',3),(39,'Botany',NULL,NULL,'2013-02-12 22:47:58','2013-03-01 20:24:19',2),(40,'Color',NULL,NULL,'2013-02-22 22:31:42','2013-03-01 20:24:19',1),(41,'Principles of Design',NULL,NULL,'2013-03-01 20:24:17','2013-03-01 20:24:17',0);
/*!40000 ALTER TABLE `units` ENABLE KEYS */;
UNLOCK TABLES;
/*!40103 SET TIME_ZONE=@OLD_TIME_ZONE */;

/*!40101 SET SQL_MODE=@OLD_SQL_MODE */;
/*!40014 SET FOREIGN_KEY_CHECKS=@OLD_FOREIGN_KEY_CHECKS */;
/*!40014 SET UNIQUE_CHECKS=@OLD_UNIQUE_CHECKS */;
/*!40101 SET CHARACTER_SET_CLIENT=@OLD_CHARACTER_SET_CLIENT */;
/*!40101 SET CHARACTER_SET_RESULTS=@OLD_CHARACTER_SET_RESULTS */;
/*!40101 SET COLLATION_CONNECTION=@OLD_COLLATION_CONNECTION */;
/*!40111 SET SQL_NOTES=@OLD_SQL_NOTES */;

-- Dump completed on 2013-03-06 17:05:39
